;customerID;gender;SeniorCitizen;Partner;Dependents;tenure;PhoneService;MultipleLines;InternetService;OnlineSecurity;OnlineBackup;DeviceProtection;TechSupport;StreamingTV;StreamingMovies;Contract;PaperlessBilling;PaymentMethod;MonthlyCharges;TotalCharges
1111;9763-PDTKK;Female;0;No;No;4;Yes;No;Fiber optic;Yes;No;Yes;Yes;No;Yes;Month-to-month;Yes;Bank transfer (automatic);94.4;387.2
5917;5144-PQCDZ;Male;0;No;No;4;Yes;No;No;No internet service;No internet service;No internet service;No internet service;No internet service;No internet service;Month-to-month;Yes;Mailed check;19.95;59.25
5826;9507-EXLTT;Female;0;Yes;No;1;Yes;No;Fiber optic;No;No;No;No;Yes;No;Month-to-month;Yes;Bank transfer (automatic);79.35;79.35
2602;1135-HIORI;Female;0;Yes;Yes;64;Yes;Yes;Fiber optic;No;Yes;Yes;Yes;Yes;Yes;One year;Yes;Electronic check;111.45;7266.95
2744;0815-MFZGM;Female;0;Yes;No;42;Yes;No;Fiber optic;No;No;Yes;Yes;Yes;Yes;Two year;Yes;Credit card (automatic);99.0;4135
3991;1731-TVIUK;Female;0;No;No;4;Yes;Yes;Fiber optic;No;Yes;No;Yes;No;Yes;Month-to-month;Yes;Electronic check;93.5;362.2
108;8597-CWYHH;Male;0;No;No;43;Yes;Yes;Fiber optic;No;No;No;No;Yes;Yes;One year;No;Mailed check;94.35;3921.3
138;6217-KDYWC;Male;0;No;Yes;57;Yes;No;No;No internet service;No internet service;No internet service;No internet service;No internet service;No internet service;Two year;Yes;Mailed check;19.6;1170.55
211;4195-NZGTA;Female;0;No;No;1;No;No phone service;DSL;No;No;No;No;No;No;Month-to-month;No;Electronic check;25.25;25.25
5509;1809-DMJHQ;Female;0;No;Yes;5;Yes;No;DSL;No;No;No;No;No;No;Month-to-month;No;Mailed check;46.0;221.7
2531;3612-YVGSJ;Female;0;Yes;No;71;Yes;Yes;No;No internet service;No internet service;No internet service;No internet service;No internet service;No internet service;Two year;Yes;Credit card (automatic);24.45;1681.6
4726;2192-CKRLV;Female;0;Yes;No;72;No;No phone service;DSL;Yes;Yes;Yes;No;No;Yes;Two year;Yes;Electronic check;49.2;3580.95
663;9565-FLVCG;Male;0;Yes;Yes;65;Yes;Yes;DSL;Yes;Yes;No;No;No;Yes;Two year;Yes;Mailed check;69.55;4459.15
3942;6959-UWKHF;Male;0;No;No;1;Yes;No;DSL;No;No;No;No;No;No;Month-to-month;Yes;Electronic check;42.9;42.9
3492;0975-VOOVL;Female;0;No;No;3;No;No phone service;DSL;No;Yes;No;No;No;No;Month-to-month;No;Mailed check;29.2;98.5
2367;0235-KGSLC;Female;0;No;No;1;Yes;No;Fiber optic;No;No;Yes;No;Yes;No;Month-to-month;Yes;Credit card (automatic);85.55;85.55
2013;7328-OWMOM;Female;0;No;Yes;31;Yes;No;No;No internet service;No internet service;No internet service;No internet service;No internet service;No internet service;One year;No;Credit card (automatic);20.1;589.25
6074;3797-VTIDR;Male;0;Yes;No;1;No;No phone service;DSL;No;No;No;No;No;No;Month-to-month;Yes;Electronic check;23.45;23.45
6218;8821-KVZKQ;Female;0;Yes;Yes;70;No;No phone service;DSL;No;Yes;Yes;Yes;Yes;Yes;One year;Yes;Bank transfer (automatic);58.4;4113.15
6854;9700-ZCLOT;Male;0;No;No;2;Yes;No;No;No internet service;No internet service;No internet service;No internet service;No internet service;No internet service;Month-to-month;No;Mailed check;20.0;32.7
6369;6734-FQAJX;Male;1;No;No;67;Yes;No;Fiber optic;Yes;Yes;No;Yes;Yes;Yes;Two year;Yes;Electronic check;105.05;7171.7
320;5020-ZSTTY;Female;1;No;No;54;Yes;Yes;DSL;Yes;Yes;No;Yes;Yes;Yes;One year;No;Bank transfer (automatic);82.45;4350.1
5409;6005-OBZPH;Female;1;No;No;26;Yes;Yes;Fiber optic;No;Yes;No;No;Yes;No;Month-to-month;Yes;Electronic check;89.15;2277.65
941;0811-GSDTP;Female;0;No;Yes;13;No;No phone service;DSL;No;Yes;No;No;No;No;Month-to-month;No;Electronic check;30.15;382.2
6294;6615-ZGEDR;Male;0;No;No;1;Yes;No;No;No internet service;No internet service;No internet service;No internet service;No internet service;No internet service;Month-to-month;No;Mailed check;19.7;19.7
3086;3853-LYGAM;Male;0;No;No;17;Yes;Yes;Fiber optic;No;No;Yes;Yes;No;Yes;Month-to-month;Yes;Bank transfer (automatic);95.65;1640
4779;0480-BIXDE;Female;0;Yes;No;19;Yes;No;Fiber optic;No;No;Yes;No;Yes;Yes;Month-to-month;Yes;Electronic check;96.8;1743.05
3205;3810-DVDQQ;Female;0;Yes;Yes;72;Yes;Yes;Fiber optic;Yes;Yes;Yes;Yes;Yes;Yes;Two year;Yes;Bank transfer (automatic);117.6;8308.9
6928;5306-BVTKJ;Male;0;Yes;Yes;48;Yes;No;DSL;No;Yes;Yes;No;No;No;One year;Yes;Credit card (automatic);55.8;2651.2
4645;5219-YIPTK;Female;0;Yes;No;33;Yes;Yes;Fiber optic;No;Yes;Yes;No;Yes;Yes;Month-to-month;Yes;Electronic check;104.4;3409.6
3151;7993-NQLJE;Male;0;Yes;Yes;15;Yes;No;Fiber optic;Yes;No;No;No;No;No;Month-to-month;No;Mailed check;75.1;1151.55
4085;5640-CAXOA;Female;0;No;No;30;No;No phone service;DSL;No;No;No;Yes;No;Yes;One year;Yes;Credit card (automatic);40.35;1187.05
5764;0716-BQNDX;Male;1;No;No;57;Yes;Yes;Fiber optic;Yes;No;No;Yes;No;Yes;Two year;No;Electronic check;93.75;5625.55
2183;6844-DZKRF;Male;0;No;No;2;Yes;No;DSL;No;No;No;Yes;No;No;Month-to-month;Yes;Credit card (automatic);50.2;109.25
5853;9114-VEPUF;Male;0;Yes;No;62;Yes;Yes;Fiber optic;Yes;Yes;No;No;No;Yes;One year;No;Electronic check;96.1;6001.45
5552;6072-NUQCB;Male;0;Yes;Yes;22;Yes;No;No;No internet service;No internet service;No internet service;No internet service;No internet service;No internet service;One year;No;Bank transfer (automatic);20.25;488.25
2378;2884-GBPFB;Female;0;Yes;No;35;Yes;No;Fiber optic;No;No;No;No;No;No;Month-to-month;Yes;Electronic check;70.3;2416.55
6525;2400-FEQME;Male;0;Yes;Yes;55;Yes;No;No;No internet service;No internet service;No internet service;No internet service;No internet service;No internet service;Two year;No;Mailed check;20.5;1177.95
523;6825-UYPFK;Female;0;No;No;23;Yes;Yes;Fiber optic;No;No;No;No;No;No;Month-to-month;No;Bank transfer (automatic);75.6;1758.6
5664;0875-CABNR;Female;1;No;No;10;Yes;No;Fiber optic;No;No;Yes;No;No;Yes;Month-to-month;Yes;Credit card (automatic);84.6;865.55
1732;9705-IOVQQ;Male;1;Yes;Yes;61;Yes;Yes;Fiber optic;No;Yes;No;No;Yes;Yes;One year;No;Electronic check;99.0;5969.3
1318;1907-YLNYW;Male;0;No;No;8;Yes;No;DSL;Yes;No;Yes;No;No;Yes;Month-to-month;Yes;Electronic check;66.7;579
5280;6574-MCOEH;Female;0;Yes;Yes;33;Yes;Yes;DSL;No;No;Yes;Yes;Yes;Yes;One year;Yes;Electronic check;79.15;2531.4
3336;8380-MQINP;Female;0;Yes;Yes;55;Yes;No;No;No internet service;No internet service;No internet service;No internet service;No internet service;No internet service;Two year;No;Mailed check;20.3;1079.05
1218;7979-CORPM;Male;0;No;No;24;Yes;Yes;Fiber optic;No;Yes;No;No;Yes;No;Month-to-month;Yes;Credit card (automatic);90.55;2282.55
3411;7056-IMHCC;Male;1;Yes;No;53;Yes;Yes;Fiber optic;No;Yes;No;No;Yes;Yes;Month-to-month;Yes;Electronic check;101.9;5549.4
5133;6892-XPFPU;Male;1;Yes;No;24;Yes;Yes;Fiber optic;No;Yes;Yes;No;Yes;Yes;Month-to-month;Yes;Electronic check;104.25;2433.9
2284;8963-JLGJT;Male;0;No;Yes;3;Yes;No;DSL;Yes;No;Yes;No;No;No;Month-to-month;No;Mailed check;55.9;157.55
5812;3422-LYEPQ;Male;0;Yes;Yes;1;Yes;No;Fiber optic;No;No;No;No;No;No;Month-to-month;Yes;Electronic check;71.0;71
1792;8401-EMUWF;Male;0;Yes;Yes;42;Yes;Yes;DSL;Yes;Yes;No;No;Yes;No;Month-to-month;Yes;Bank transfer (automatic);69.4;3058.3
6730;1272-ILHFG;Male;0;Yes;Yes;15;Yes;No;No;No internet service;No internet service;No internet service;No internet service;No internet service;No internet service;One year;No;Mailed check;19.65;332.65
803;3174-AKMAS;Female;0;Yes;No;46;Yes;No;DSL;No;Yes;No;Yes;Yes;No;Two year;Yes;Credit card (automatic);64.2;3009.5
5807;8464-EETCQ;Male;0;No;No;57;Yes;No;No;No internet service;No internet service;No internet service;No internet service;No internet service;No internet service;Two year;No;Credit card (automatic);18.8;1094.35
2021;0181-RITDD;Male;0;Yes;Yes;62;Yes;No;Fiber optic;Yes;Yes;Yes;Yes;Yes;Yes;Two year;No;Mailed check;108.15;6825.65
5796;8571-ZCMCX;Female;0;Yes;Yes;47;No;No phone service;DSL;Yes;Yes;Yes;No;Yes;Yes;Two year;Yes;Credit card (automatic);60.0;2768.65
5666;8318-LCNBW;Male;0;Yes;No;35;No;No phone service;DSL;Yes;No;Yes;No;Yes;Yes;One year;No;Credit card (automatic);53.15;1930.9
4730;7813-ZGGAW;Male;1;No;No;31;Yes;Yes;Fiber optic;No;No;Yes;Yes;Yes;No;Month-to-month;Yes;Bank transfer (automatic);96.6;2877.95
3465;2831-EBWRN;Male;0;No;No;4;Yes;No;DSL;No;No;No;No;No;No;Month-to-month;Yes;Electronic check;45.9;199.75
4831;4654-GGUII;Female;0;No;No;18;No;No phone service;DSL;Yes;Yes;No;Yes;No;No;One year;Yes;Mailed check;40.2;711.95
4623;8755-IWJHN;Male;1;Yes;No;69;Yes;Yes;Fiber optic;No;Yes;Yes;No;No;Yes;Month-to-month;Yes;Bank transfer (automatic);95.35;6382
1901;5777-ZPQNC;Female;0;No;No;12;Yes;No;No;No internet service;No internet service;No internet service;No internet service;No internet service;No internet service;One year;No;Electronic check;20.15;260.7
1380;1131-SUEKT;Male;0;Yes;Yes;61;Yes;No;Fiber optic;No;Yes;No;Yes;Yes;Yes;One year;Yes;Bank transfer (automatic);98.45;6145.2
1083;9878-TNQGW;Male;0;No;No;2;Yes;No;Fiber optic;No;No;No;No;No;Yes;Month-to-month;Yes;Electronic check;80.95;171.15
6395;3058-HJCUY;Male;0;Yes;Yes;41;Yes;Yes;Fiber optic;No;No;Yes;Yes;Yes;Yes;One year;Yes;Electronic check;102.6;4213.35
5647;7502-BNYGS;Female;0;Yes;No;46;Yes;No;DSL;No;Yes;No;No;Yes;Yes;Month-to-month;Yes;Credit card (automatic);69.1;3168
4310;8908-NMQTX;Male;0;No;No;72;No;No phone service;DSL;Yes;Yes;Yes;Yes;Yes;Yes;Two year;Yes;Bank transfer (automatic);65.6;4566.5
1573;5014-WUQMG;Male;0;Yes;Yes;47;Yes;No;Fiber optic;Yes;Yes;Yes;No;No;Yes;One year;Yes;Electronic check;96.1;4391.45
3299;4282-MSACW;Male;0;No;No;68;Yes;Yes;Fiber optic;Yes;Yes;Yes;Yes;Yes;Yes;One year;Yes;Credit card (automatic);117.2;8035.95
1118;6891-JPYFF;Female;0;Yes;Yes;48;Yes;Yes;Fiber optic;Yes;Yes;No;No;Yes;Yes;Month-to-month;Yes;Credit card (automatic);105.25;4997.5
4720;8979-CAMGB;Male;1;No;No;64;Yes;Yes;Fiber optic;No;No;Yes;Yes;Yes;Yes;One year;No;Electronic check;102.1;6688.1
6691;8292-FRFZQ;Female;0;No;No;39;No;No phone service;DSL;Yes;Yes;No;Yes;No;No;One year;No;Bank transfer (automatic);41.15;1700.9
5097;8547-NSBBO;Male;0;No;No;35;Yes;Yes;Fiber optic;Yes;Yes;Yes;Yes;No;No;Month-to-month;Yes;Mailed check;96.75;3403.4
5396;5627-TVBPP;Female;0;No;Yes;35;Yes;No;No;No internet service;No internet service;No internet service;No internet service;No internet service;No internet service;One year;Yes;Credit card (automatic);20.1;644.5
2976;4830-FAXFM;Male;0;No;Yes;19;Yes;Yes;No;No internet service;No internet service;No internet service;No internet service;No internet service;No internet service;Month-to-month;Yes;Credit card (automatic);24.1;439.2
2957;2674-MIAHT;Female;0;No;No;4;Yes;Yes;Fiber optic;No;Yes;No;No;No;No;Month-to-month;Yes;Mailed check;80.3;324.2
340;6035-BXTTY;Female;1;No;No;32;Yes;No;DSL;No;Yes;No;Yes;No;No;Month-to-month;No;Bank transfer (automatic);54.65;1830.1
3535;3612-YUNGG;Male;0;Yes;Yes;64;Yes;Yes;Fiber optic;No;Yes;Yes;Yes;Yes;Yes;Two year;Yes;Credit card (automatic);109.2;6741.15
1048;2829-HYVZP;Male;0;No;No;29;Yes;No;No;No internet service;No internet service;No internet service;No internet service;No internet service;No internet service;One year;Yes;Mailed check;19.8;572.2
6233;6394-HHHZM;Male;0;No;No;3;Yes;No;No;No internet service;No internet service;No internet service;No internet service;No internet service;No internet service;Month-to-month;No;Mailed check;20.7;57.5
1933;1964-SVLEA;Male;0;No;No;20;Yes;No;No;No internet service;No internet service;No internet service;No internet service;No internet service;No internet service;One year;Yes;Mailed check;19.7;415.9
1482;9290-SHCMB;Female;1;No;No;13;Yes;No;Fiber optic;No;No;Yes;No;Yes;Yes;Month-to-month;Yes;Electronic check;96.85;1235.55
4196;6963-KQYQB;Female;0;Yes;Yes;70;Yes;Yes;No;No internet service;No internet service;No internet service;No internet service;No internet service;No internet service;Two year;No;Mailed check;24.05;1764.75
6621;6762-NSODU;Female;0;Yes;Yes;46;Yes;No;No;No internet service;No internet service;No internet service;No internet service;No internet service;No internet service;Two year;No;Credit card (automatic);19.4;958.15
5147;7622-NXQZR;Male;0;No;No;28;No;No phone service;DSL;No;No;No;Yes;No;No;Month-to-month;Yes;Credit card (automatic);30.1;810.85
2395;6486-LHTMA;Female;1;Yes;No;31;Yes;Yes;Fiber optic;No;No;Yes;No;Yes;No;One year;Yes;Electronic check;90.7;2835.5
558;2501-XWWTZ;Male;0;No;No;11;Yes;No;Fiber optic;No;No;No;No;No;No;Month-to-month;No;Electronic check;70.2;760.05
2058;0744-BIKKF;Male;0;No;No;72;Yes;Yes;DSL;Yes;Yes;Yes;Yes;Yes;Yes;Two year;No;Bank transfer (automatic);86.65;6224.8
1003;8917-FAEMR;Female;0;No;No;37;Yes;No;No;No internet service;No internet service;No internet service;No internet service;No internet service;No internet service;Two year;No;Mailed check;19.85;784.25
3680;0836-SEYLU;Male;0;Yes;No;9;No;No phone service;DSL;No;No;No;Yes;Yes;No;Month-to-month;No;Mailed check;40.65;328.95
1286;8985-OOPOS;Female;0;No;No;1;Yes;No;DSL;No;No;Yes;Yes;Yes;Yes;One year;No;Credit card (automatic);74.1;74.1
6079;9881-VCZEP;Female;0;Yes;No;25;Yes;Yes;DSL;No;Yes;No;No;No;No;Month-to-month;No;Electronic check;54.1;1373
6630;1226-IENZN;Male;1;No;No;16;Yes;No;Fiber optic;No;No;No;No;No;Yes;Month-to-month;Yes;Electronic check;78.75;1218.25
5511;6586-MYGKD;Male;0;Yes;No;70;Yes;Yes;DSL;Yes;No;No;Yes;Yes;Yes;Two year;Yes;Credit card (automatic);76.95;5289.8
6278;7208-PSIHR;Female;0;Yes;No;70;Yes;Yes;Fiber optic;No;No;Yes;Yes;Yes;Yes;Two year;Yes;Bank transfer (automatic);104.3;7188.5
6508;8708-XPXHZ;Female;0;Yes;Yes;42;Yes;Yes;Fiber optic;No;No;No;No;Yes;Yes;Month-to-month;Yes;Electronic check;94.2;4186.3
3230;8043-PNYSD;Male;0;Yes;Yes;63;Yes;No;No;No internet service;No internet service;No internet service;No internet service;No internet service;No internet service;Two year;No;Mailed check;19.55;1245.6
609;3419-SNJJD;Female;1;Yes;No;65;Yes;Yes;Fiber optic;Yes;No;Yes;No;Yes;Yes;Month-to-month;No;Bank transfer (automatic);105.25;6786.4
6962;0886-QGENL;Female;1;Yes;No;27;Yes;No;Fiber optic;Yes;No;Yes;No;Yes;Yes;Month-to-month;Yes;Electronic check;101.25;2754.45
6707;2452-MRMZF;Female;1;Yes;No;72;Yes;Yes;No;No internet service;No internet service;No internet service;No internet service;No internet service;No internet service;Two year;Yes;Credit card (automatic);25.7;1937.4
418;0578-SKVMF;Female;0;Yes;Yes;22;Yes;No;Fiber optic;No;Yes;No;No;No;Yes;Month-to-month;No;Electronic check;83.3;1845.9
3676;2364-UFROM;Male;0;No;No;30;Yes;No;DSL;Yes;Yes;No;Yes;Yes;No;One year;No;Electronic check;70.4;2044.75
2425;0142-GVYSN;Male;0;No;No;26;Yes;No;No;No internet service;No internet service;No internet service;No internet service;No internet service;No internet service;Month-to-month;Yes;Electronic check;20.3;511.25
5190;3001-UNBTL;Male;1;Yes;Yes;29;Yes;Yes;Fiber optic;No;No;Yes;No;Yes;Yes;Month-to-month;Yes;Electronic check;103.95;2964.8
5461;1221-GHZEP;Female;0;No;No;62;Yes;No;DSL;Yes;No;No;Yes;No;Yes;Two year;Yes;Mailed check;65.1;3846.75
5756;6349-JDHQP;Female;0;No;No;53;Yes;No;No;No internet service;No internet service;No internet service;No internet service;No internet service;No internet service;Two year;No;Credit card (automatic);19.85;1049.6
1704;0107-YHINA;Male;0;No;Yes;1;Yes;Yes;Fiber optic;No;No;Yes;No;Yes;Yes;Month-to-month;Yes;Electronic check;99.75;99.75
6626;3319-DWOEP;Male;1;Yes;No;6;Yes;No;Fiber optic;No;No;Yes;No;Yes;Yes;Month-to-month;Yes;Electronic check;95.75;573.75
1101;4712-UYOOI;Female;0;Yes;Yes;20;Yes;No;No;No internet service;No internet service;No internet service;No internet service;No internet service;No internet service;Month-to-month;No;Electronic check;20.0;417.65
4539;4355-HBJHH;Male;0;Yes;Yes;67;Yes;Yes;DSL;Yes;No;Yes;No;Yes;Yes;Two year;Yes;Electronic check;79.7;5293.4
4020;4334-HOWRP;Male;1;Yes;No;72;No;No phone service;DSL;Yes;Yes;Yes;Yes;Yes;Yes;Two year;Yes;Credit card (automatic);64.95;4546
6997;2523-EWWZL;Female;0;Yes;No;27;Yes;No;Fiber optic;No;Yes;No;No;No;No;Month-to-month;Yes;Electronic check;76.1;2093.4
1290;3108-PCCGG;Male;1;Yes;No;72;Yes;Yes;DSL;Yes;Yes;Yes;No;Yes;Yes;Two year;No;Credit card (automatic);84.45;5899.85
1325;7206-GZCDC;Female;1;No;No;1;Yes;No;Fiber optic;No;No;No;No;No;No;Month-to-month;Yes;Electronic check;69.25;69.25
2913;6203-HBZPA;Male;0;No;No;52;No;No phone service;DSL;Yes;Yes;Yes;Yes;Yes;Yes;Two year;No;Credit card (automatic);63.9;3334.95
329;2739-CACDQ;Female;1;No;No;17;Yes;Yes;Fiber optic;No;No;Yes;No;No;No;Month-to-month;Yes;Credit card (automatic);82.65;1470.05
5837;2969-QWUBZ;Female;0;No;No;2;No;No phone service;DSL;No;Yes;No;No;Yes;Yes;Month-to-month;No;Electronic check;51.4;96.8
2671;4191-XOVOM;Male;0;No;No;63;Yes;Yes;Fiber optic;No;Yes;No;Yes;Yes;Yes;Month-to-month;No;Electronic check;105.4;6713.2
1969;5110-CHOPY;Female;0;No;No;60;No;No phone service;DSL;Yes;No;Yes;No;Yes;Yes;Two year;No;Electronic check;53.6;3237.05
3697;4821-SJHJV;Female;0;Yes;Yes;32;Yes;Yes;Fiber optic;Yes;No;No;No;Yes;No;Month-to-month;No;Electronic check;89.6;2901.8
5362;0485-ZBSLN;Male;0;Yes;Yes;65;Yes;Yes;No;No internet service;No internet service;No internet service;No internet service;No internet service;No internet service;Two year;No;Credit card (automatic);24.75;1715.1
6499;2676-ISHSF;Male;0;No;No;1;Yes;No;No;No internet service;No internet service;No internet service;No internet service;No internet service;No internet service;Month-to-month;No;Mailed check;20.3;20.3
3530;1703-MGIAB;Female;0;No;No;17;Yes;Yes;DSL;No;No;Yes;Yes;Yes;No;Month-to-month;Yes;Mailed check;69.0;1108
2202;5931-FLJJF;Male;1;Yes;No;7;Yes;No;Fiber optic;No;No;No;No;No;No;Month-to-month;Yes;Mailed check;70.1;467.55
5767;1972-XMUWV;Female;0;Yes;No;65;Yes;No;DSL;No;No;No;Yes;Yes;No;Two year;Yes;Credit card (automatic);59.8;3808.2
2803;1985-MBRYP;Female;0;No;No;43;Yes;No;No;No internet service;No internet service;No internet service;No internet service;No internet service;No internet service;Two year;Yes;Bank transfer (automatic);19.65;779.25
1522;5766-XQXMQ;Female;0;No;No;29;Yes;No;DSL;Yes;Yes;Yes;No;No;Yes;Month-to-month;Yes;Bank transfer (automatic);68.85;1970.5
6383;2335-GSODA;Male;0;No;Yes;23;No;No phone service;DSL;Yes;No;Yes;Yes;No;No;Two year;No;Mailed check;40.1;857.75
5962;3842-QTGDL;Male;0;Yes;No;16;Yes;No;Fiber optic;Yes;Yes;No;No;No;No;Month-to-month;No;Bank transfer (automatic);80.75;1321.3
997;1374-DMZUI;Female;1;No;No;4;Yes;Yes;Fiber optic;No;No;No;No;Yes;Yes;Month-to-month;Yes;Electronic check;94.3;424.45
2724;4636-TVXVG;Male;0;Yes;Yes;62;Yes;No;No;No internet service;No internet service;No internet service;No internet service;No internet service;No internet service;One year;No;Bank transfer (automatic);19.95;1244.8
2952;5260-UMPWX;Female;0;Yes;Yes;26;Yes;No;No;No internet service;No internet service;No internet service;No internet service;No internet service;No internet service;Month-to-month;Yes;Credit card (automatic);20.25;493.95
6400;7921-BEPCI;Female;0;No;No;72;Yes;Yes;DSL;Yes;Yes;No;No;No;No;Two year;No;Bank transfer (automatic);59.75;4265
6429;6332-FBZRI;Male;0;Yes;Yes;67;Yes;Yes;DSL;Yes;Yes;Yes;Yes;No;No;One year;Yes;Credit card (automatic);69.35;4653.25
2316;9367-OIUXP;Male;0;No;No;4;Yes;No;No;No internet service;No internet service;No internet service;No internet service;No internet service;No internet service;Month-to-month;No;Mailed check;20.7;73.05
444;1910-FMXJM;Female;0;Yes;No;36;Yes;No;Fiber optic;No;No;No;No;No;Yes;Month-to-month;No;Electronic check;80.4;2937.65
6845;6127-IYJOZ;Male;1;No;No;1;Yes;No;DSL;No;No;No;No;No;No;Month-to-month;Yes;Mailed check;45.85;45.85
1566;4751-ERMAN;Male;0;Yes;Yes;72;Yes;No;DSL;No;Yes;Yes;No;Yes;Yes;Two year;Yes;Bank transfer (automatic);75.4;5480.25
1910;6637-KYRCV;Female;0;Yes;Yes;5;No;No phone service;DSL;No;Yes;No;No;No;No;Month-to-month;Yes;Electronic check;30.5;167.2
7033;9767-FFLEM;Male;0;No;No;38;Yes;No;Fiber optic;No;No;No;No;No;No;Month-to-month;Yes;Credit card (automatic);69.5;2625.25
1489;6543-JXSOO;Female;0;Yes;Yes;23;Yes;No;DSL;Yes;Yes;No;Yes;No;No;One year;Yes;Mailed check;57.75;1282.85
1457;6362-QHAFM;Male;0;Yes;No;42;Yes;Yes;Fiber optic;No;No;Yes;Yes;Yes;Yes;One year;Yes;Electronic check;108.3;4586.15
3177;1814-WFGVS;Male;0;Yes;Yes;72;No;No phone service;DSL;Yes;No;Yes;Yes;Yes;No;Two year;No;Mailed check;48.9;3527
910;1907-UBQFC;Male;1;No;No;10;Yes;No;Fiber optic;No;Yes;No;No;No;No;Month-to-month;Yes;Electronic check;72.85;688.65
6354;3214-IYUUQ;Female;0;Yes;No;61;Yes;No;Fiber optic;Yes;Yes;No;Yes;No;Yes;One year;No;Bank transfer (automatic);93.7;5860.7
3639;0512-FLFDW;Female;1;Yes;No;60;Yes;Yes;Fiber optic;No;No;Yes;No;Yes;Yes;One year;Yes;Credit card (automatic);100.5;6029
4092;0670-KDOMA;Female;0;No;No;1;Yes;No;No;No internet service;No internet service;No internet service;No internet service;No internet service;No internet service;Month-to-month;Yes;Mailed check;20.25;20.25
6964;1264-FUHCX;Female;0;Yes;No;49;No;No phone service;DSL;No;Yes;No;Yes;Yes;Yes;One year;Yes;Credit card (automatic);56.3;2780.6
6020;0020-JDNXP;Female;0;Yes;Yes;34;No;No phone service;DSL;Yes;No;Yes;Yes;Yes;Yes;One year;No;Mailed check;61.25;1993.2
2491;1552-TKMXS;Female;0;Yes;No;42;Yes;No;No;No internet service;No internet service;No internet service;No internet service;No internet service;No internet service;Month-to-month;No;Credit card (automatic);20.35;869.9
338;7982-VCELR;Female;0;No;No;36;Yes;No;Fiber optic;No;Yes;No;No;Yes;Yes;Month-to-month;Yes;Credit card (automatic);94.8;3565.65
6675;4186-ZBUEW;Female;0;No;No;36;Yes;Yes;DSL;No;Yes;No;Yes;No;Yes;One year;Yes;Mailed check;70.7;2511.95
2191;3988-RQIXO;Female;1;No;No;1;Yes;No;Fiber optic;No;No;No;No;Yes;Yes;Month-to-month;Yes;Electronic check;91.3;91.3
5202;8591-TKMZH;Male;0;Yes;Yes;59;Yes;Yes;Fiber optic;Yes;Yes;No;Yes;Yes;Yes;Two year;Yes;Mailed check;111.1;6555.2
2807;1015-JPFYW;Male;0;No;Yes;7;Yes;No;No;No internet service;No internet service;No internet service;No internet service;No internet service;No internet service;One year;No;Mailed check;19.45;136.75
971;5002-GCQFH;Male;0;Yes;No;49;Yes;Yes;Fiber optic;Yes;Yes;No;No;Yes;No;Month-to-month;Yes;Bank transfer (automatic);93.85;4733.1
6668;2832-KJCRD;Female;0;No;No;38;Yes;Yes;Fiber optic;No;No;Yes;Yes;Yes;Yes;Month-to-month;Yes;Electronic check;103.65;3988.5
1087;7241-AJHFS;Male;0;No;No;32;Yes;Yes;Fiber optic;Yes;No;No;Yes;No;No;Month-to-month;No;Bank transfer (automatic);87.65;2766.4
6331;1929-ZCBHE;Male;0;Yes;Yes;47;No;No phone service;DSL;Yes;No;Yes;Yes;No;No;One year;No;Electronic check;40.3;1794.8
1228;2040-VZIKE;Female;0;Yes;No;49;Yes;Yes;Fiber optic;Yes;No;No;No;Yes;Yes;Month-to-month;Yes;Mailed check;100.85;4847.35
891;3804-RVTGV;Male;0;Yes;Yes;50;Yes;Yes;Fiber optic;No;Yes;Yes;No;Yes;Yes;Month-to-month;Yes;Bank transfer (automatic);103.85;5017.9
6727;0749-IRGQE;Female;1;Yes;No;13;No;No phone service;DSL;No;No;No;No;Yes;Yes;Month-to-month;No;Electronic check;45.3;528.45
6515;7016-BPGEU;Female;0;No;No;29;No;No phone service;DSL;No;No;No;No;No;No;Month-to-month;Yes;Credit card (automatic);25.1;712.85
6136;3190-ITQXP;Female;0;Yes;Yes;46;Yes;No;No;No internet service;No internet service;No internet service;No internet service;No internet service;No internet service;Two year;No;Bank transfer (automatic);20.25;890.35
15;3655-SNQYZ;Female;0;Yes;Yes;69;Yes;Yes;Fiber optic;Yes;Yes;Yes;Yes;Yes;Yes;Two year;No;Credit card (automatic);113.25;7895.15
2768;1429-UYJSV;Female;0;No;No;12;Yes;No;No;No internet service;No internet service;No internet service;No internet service;No internet service;No internet service;One year;No;Mailed check;19.7;260.9
4996;3557-HTYWR;Female;0;No;No;47;Yes;Yes;DSL;Yes;Yes;No;Yes;No;Yes;Two year;No;Mailed check;74.05;3496.3
4969;2303-PJYHN;Female;0;Yes;No;2;Yes;No;No;No internet service;No internet service;No internet service;No internet service;No internet service;No internet service;Month-to-month;No;Bank transfer (automatic);19.85;52
4236;2542-HYGIQ;Female;0;No;No;1;Yes;No;No;No internet service;No internet service;No internet service;No internet service;No internet service;No internet service;Month-to-month;No;Credit card (automatic);19.95;19.95
2276;9168-INPSZ;Female;1;Yes;No;44;Yes;Yes;Fiber optic;No;No;Yes;Yes;Yes;Yes;Month-to-month;No;Electronic check;104.15;4495.65
5448;0580-PIQHM;Female;0;Yes;Yes;41;Yes;Yes;Fiber optic;Yes;Yes;Yes;No;No;Yes;One year;Yes;Bank transfer (automatic);101.6;3930.55
1987;5419-KLXBN;Female;0;Yes;Yes;25;Yes;No;Fiber optic;No;Yes;Yes;No;Yes;No;Month-to-month;Yes;Bank transfer (automatic);89.15;2257.75
5822;9112-WSNPU;Female;1;No;No;35;Yes;No;Fiber optic;No;No;No;No;No;No;Month-to-month;No;Electronic check;70.55;2419
6676;5274-XHAKY;Female;0;Yes;Yes;41;Yes;Yes;Fiber optic;Yes;Yes;No;No;Yes;No;Month-to-month;Yes;Bank transfer (automatic);94.3;3893.6
2559;8263-QMNTJ;Male;0;Yes;No;72;Yes;Yes;Fiber optic;Yes;Yes;Yes;Yes;Yes;Yes;Two year;Yes;Electronic check;115.55;8425.3
299;6390-DSAZX;Female;0;No;Yes;1;Yes;No;Fiber optic;Yes;No;No;No;No;No;Month-to-month;Yes;Mailed check;73.6;73.6
4434;0577-WHMEV;Female;0;Yes;No;16;Yes;Yes;Fiber optic;Yes;Yes;Yes;No;No;No;Month-to-month;No;Electronic check;90.7;1374.9
6260;0458-HEUZG;Female;0;No;No;13;No;No phone service;DSL;No;No;Yes;Yes;No;No;Two year;No;Mailed check;35.4;450.4
2214;8337-MSSXB;Female;0;No;No;14;Yes;No;Fiber optic;No;Yes;No;No;No;Yes;Month-to-month;Yes;Electronic check;86.3;1180.95
5456;8718-PTMEZ;Female;0;No;No;13;No;No phone service;DSL;No;Yes;No;No;No;No;Month-to-month;Yes;Electronic check;31.05;347.25
1230;0178-SZBHO;Male;0;Yes;Yes;47;Yes;Yes;Fiber optic;No;Yes;No;No;Yes;No;Month-to-month;No;Electronic check;87.2;4017.45
5549;0329-GTIAJ;Female;0;No;No;3;Yes;No;Fiber optic;No;Yes;No;Yes;Yes;Yes;Month-to-month;Yes;Electronic check;97.9;315.3
4968;2197-OMWGI;Female;1;Yes;Yes;68;No;No phone service;DSL;No;Yes;Yes;No;Yes;Yes;Two year;Yes;Electronic check;53.0;3656.25
5723;7824-PANSQ;Male;0;No;No;58;Yes;Yes;Fiber optic;No;No;No;Yes;No;No;Month-to-month;No;Bank transfer (automatic);80.65;4807.35
4694;0594-UFTUL;Male;0;Yes;Yes;13;Yes;No;No;No internet service;No internet service;No internet service;No internet service;No internet service;No internet service;Month-to-month;Yes;Mailed check;19.85;252
4041;5862-BRIXZ;Male;0;No;No;46;No;No phone service;DSL;Yes;No;Yes;Yes;Yes;Yes;Two year;Yes;Bank transfer (automatic);60.75;2893.4
761;1894-IGFSG;Female;0;No;No;22;Yes;No;Fiber optic;No;No;No;No;Yes;Yes;Month-to-month;No;Electronic check;89.25;1907.85
2107;7422-WNBTY;Male;0;Yes;No;33;Yes;Yes;Fiber optic;No;Yes;Yes;No;No;Yes;Month-to-month;Yes;Electronic check;93.35;3092
2828;8559-WNQZS;Male;0;No;No;1;Yes;No;No;No internet service;No internet service;No internet service;No internet service;No internet service;No internet service;Two year;No;Mailed check;20.45;20.45
3610;2612-RANWT;Female;0;No;No;12;Yes;Yes;Fiber optic;No;No;Yes;No;Yes;Yes;Month-to-month;Yes;Bank transfer (automatic);100.15;1164.3
6494;4310-KEDTB;Female;0;No;Yes;26;No;No phone service;DSL;No;No;Yes;No;No;No;Month-to-month;Yes;Mailed check;29.8;786.5
2940;6313-GIDIT;Male;1;No;No;53;No;No phone service;DSL;No;Yes;Yes;No;Yes;Yes;Month-to-month;Yes;Electronic check;54.45;2854.55
5525;1333-PBMXB;Female;0;Yes;Yes;54;Yes;Yes;No;No internet service;No internet service;No internet service;No internet service;No internet service;No internet service;One year;Yes;Bank transfer (automatic);24.75;1342.15
1636;1371-OJCEK;Female;0;No;No;48;Yes;Yes;No;No internet service;No internet service;No internet service;No internet service;No internet service;No internet service;One year;No;Bank transfer (automatic);24.35;1133.7
3150;6029-CSMJE;Male;0;No;No;17;No;No phone service;DSL;No;No;No;No;No;No;Month-to-month;Yes;Mailed check;25.65;440.2
2312;8499-BRXTD;Male;0;No;No;18;Yes;No;No;No internet service;No internet service;No internet service;No internet service;No internet service;No internet service;One year;No;Mailed check;20.1;401.85
3075;5569-IDSEY;Male;0;Yes;No;71;Yes;Yes;Fiber optic;No;Yes;Yes;No;Yes;Yes;One year;Yes;Bank transfer (automatic);105.7;7472.15
1651;8580-AECUZ;Male;1;No;No;1;Yes;No;Fiber optic;No;No;No;No;Yes;No;Month-to-month;Yes;Electronic check;79.1;79.1
3913;8749-TZYEC;Male;0;Yes;No;72;Yes;Yes;No;No internet service;No internet service;No internet service;No internet service;No internet service;No internet service;Two year;No;Credit card (automatic);24.8;1874.3
4197;5934-RMPOV;Female;0;No;Yes;22;Yes;Yes;Fiber optic;No;No;No;No;No;Yes;Month-to-month;Yes;Electronic check;84.75;1816.75
5566;2302-OUZXB;Male;0;Yes;No;72;Yes;Yes;DSL;No;Yes;Yes;No;Yes;Yes;Two year;No;Bank transfer (automatic);82.15;5784.3
1743;3768-VHXQO;Male;0;Yes;No;67;Yes;Yes;No;No internet service;No internet service;No internet service;No internet service;No internet service;No internet service;Two year;No;Credit card (automatic);24.85;1583.5
121;2928-HLDBA;Female;0;No;No;6;Yes;No;No;No internet service;No internet service;No internet service;No internet service;No internet service;No internet service;Month-to-month;No;Mailed check;20.7;112.75
2497;5702-SKUOB;Female;0;Yes;No;4;Yes;No;No;No internet service;No internet service;No internet service;No internet service;No internet service;No internet service;Month-to-month;No;Mailed check;19.6;93.45
3854;0237-YFUTL;Female;0;Yes;No;50;Yes;Yes;Fiber optic;Yes;Yes;No;Yes;Yes;Yes;Month-to-month;Yes;Bank transfer (automatic);109.65;5405.8
6121;7337-CINUD;Female;0;Yes;Yes;8;Yes;No;No;No internet service;No internet service;No internet service;No internet service;No internet service;No internet service;Two year;No;Bank transfer (automatic);19.5;159.35
5575;1492-KGETH;Male;0;Yes;Yes;70;Yes;Yes;DSL;Yes;Yes;Yes;Yes;No;Yes;One year;No;Bank transfer (automatic);78.35;5445.95
6743;2740-JFBOK;Male;0;No;No;10;Yes;Yes;No;No internet service;No internet service;No internet service;No internet service;No internet service;No internet service;Month-to-month;Yes;Electronic check;24.0;226.55
1441;2480-EJWYP;Female;1;Yes;No;58;Yes;Yes;Fiber optic;No;Yes;No;No;Yes;Yes;One year;Yes;Bank transfer (automatic);97.8;5458.8
1170;9127-FHJBZ;Male;0;Yes;Yes;72;Yes;Yes;Fiber optic;Yes;Yes;Yes;Yes;Yes;Yes;Two year;Yes;Electronic check;114.0;8093.15
5478;3374-TTZTK;Male;0;Yes;No;52;Yes;No;Fiber optic;Yes;Yes;Yes;Yes;Yes;Yes;Two year;Yes;Electronic check;106.3;5487
3878;2223-GDSHL;Male;0;Yes;Yes;71;Yes;Yes;Fiber optic;Yes;Yes;Yes;Yes;Yes;Yes;Two year;Yes;Bank transfer (automatic);116.05;8297.5
27;8665-UTDHZ;Male;0;Yes;Yes;1;No;No phone service;DSL;No;Yes;No;No;No;No;Month-to-month;No;Electronic check;30.2;30.2
564;7319-VENRZ;Male;0;No;No;7;Yes;No;DSL;No;No;Yes;Yes;Yes;No;Month-to-month;No;Bank transfer (automatic);64.3;445.95
3490;7743-EXURX;Male;0;Yes;Yes;8;Yes;No;DSL;No;No;Yes;No;No;No;Month-to-month;Yes;Electronic check;51.05;415.05
6184;3413-CSSTH;Male;0;No;No;41;Yes;Yes;DSL;No;No;Yes;No;No;No;Month-to-month;Yes;Bank transfer (automatic);55.7;2237.55
1556;3186-BAXNB;Female;0;No;No;1;Yes;No;Fiber optic;No;Yes;No;Yes;Yes;No;Month-to-month;No;Electronic check;91.7;91.7
5787;6711-VTNRE;Female;0;No;No;36;Yes;No;Fiber optic;No;No;Yes;Yes;No;Yes;Month-to-month;Yes;Electronic check;87.55;3078.1
5090;6502-HCJTI;Male;1;Yes;No;7;Yes;Yes;Fiber optic;Yes;Yes;No;No;No;Yes;Month-to-month;Yes;Credit card (automatic);94.7;673.1
4675;7486-KSRVI;Male;0;No;No;43;Yes;Yes;Fiber optic;No;No;No;Yes;Yes;Yes;One year;Yes;Electronic check;100.0;4211.55
537;5844-QVTAT;Female;0;Yes;Yes;33;Yes;No;DSL;Yes;Yes;Yes;No;No;No;One year;Yes;Mailed check;58.45;1955.4
5971;9800-OUIGR;Male;0;Yes;Yes;66;Yes;No;No;No internet service;No internet service;No internet service;No internet service;No internet service;No internet service;Two year;No;Credit card (automatic);20.0;1374.2
5515;2892-GESUL;Female;0;Yes;Yes;18;Yes;No;No;No internet service;No internet service;No internet service;No internet service;No internet service;No internet service;Two year;No;Mailed check;19.35;309.25
4364;6741-QRLUP;Female;0;No;No;63;Yes;Yes;DSL;Yes;Yes;Yes;Yes;No;Yes;Two year;Yes;Credit card (automatic);80.3;4995.35
6208;0909-SELIE;Male;0;Yes;No;61;Yes;Yes;DSL;Yes;Yes;Yes;Yes;No;Yes;Two year;Yes;Bank transfer (automatic);80.8;4860.85
2903;0953-LGOVU;Male;0;Yes;Yes;12;No;No phone service;DSL;No;Yes;No;Yes;No;No;Month-to-month;No;Mailed check;35.5;432.25
2020;2546-KZAAT;Male;0;Yes;No;52;Yes;No;DSL;Yes;Yes;No;No;Yes;Yes;One year;Yes;Mailed check;75.4;3865.45
3932;1304-NECVQ;Female;1;No;No;2;Yes;Yes;Fiber optic;No;No;Yes;No;No;No;Month-to-month;Yes;Electronic check;78.55;149.55
2910;5622-UEJFI;Female;0;Yes;Yes;35;Yes;Yes;No;No internet service;No internet service;No internet service;No internet service;No internet service;No internet service;Two year;Yes;Credit card (automatic);25.4;949.8
4850;0931-MHTEM;Female;0;No;No;54;Yes;No;Fiber optic;Yes;Yes;No;No;Yes;Yes;One year;Yes;Credit card (automatic);100.05;5299.65
578;6522-YRBXD;Male;1;Yes;No;35;Yes;Yes;Fiber optic;Yes;Yes;No;No;No;Yes;Month-to-month;Yes;Electronic check;94.55;3365.4
4267;1227-UDMZR;Female;0;Yes;No;72;Yes;Yes;DSL;Yes;Yes;Yes;Yes;Yes;Yes;Two year;Yes;Bank transfer (automatic);91.15;6637.9
361;5229-DTFYB;Female;0;No;No;41;Yes;No;Fiber optic;No;Yes;No;Yes;Yes;Yes;Two year;Yes;Bank transfer (automatic);98.8;3959.15
4129;3192-LNKRK;Male;0;Yes;Yes;34;Yes;No;Fiber optic;No;No;Yes;No;Yes;No;Month-to-month;Yes;Mailed check;84.05;2909.95
2902;1658-TJVOA;Female;1;No;No;6;Yes;No;Fiber optic;Yes;No;No;No;No;No;Month-to-month;Yes;Electronic check;74.1;450.9
3083;1599-EAHXY;Male;0;Yes;Yes;60;Yes;Yes;No;No internet service;No internet service;No internet service;No internet service;No internet service;No internet service;One year;No;Credit card (automatic);23.95;1506.4
2569;8237-ULIXL;Female;0;Yes;No;72;Yes;Yes;No;No internet service;No internet service;No internet service;No internet service;No internet service;No internet service;Two year;No;Credit card (automatic);24.85;1871.85
4473;2665-NPTGL;Female;1;Yes;No;26;Yes;Yes;Fiber optic;No;No;Yes;No;Yes;Yes;Month-to-month;Yes;Bank transfer (automatic);98.1;2510.7
6948;2750-BJLSB;Female;0;No;No;47;Yes;No;Fiber optic;Yes;No;Yes;Yes;Yes;Yes;One year;Yes;Electronic check;103.7;4730.6
4123;8910-LEDAG;Male;1;Yes;No;34;Yes;No;Fiber optic;No;No;No;No;No;No;Month-to-month;No;Credit card (automatic);71.55;2427.35
880;9851-KIELU;Male;0;No;No;10;Yes;No;Fiber optic;Yes;Yes;Yes;Yes;Yes;Yes;Month-to-month;Yes;Electronic check;110.1;1043.3
5066;7191-ADRGF;Male;0;Yes;No;44;No;No phone service;DSL;No;Yes;Yes;No;Yes;Yes;Two year;No;Bank transfer (automatic);54.3;2390.45
5220;2282-YGNOR;Female;0;No;No;29;Yes;No;DSL;Yes;No;Yes;Yes;No;No;One year;No;Credit card (automatic);58.0;1734.5
9;6388-TABGU;Male;0;No;Yes;62;Yes;No;DSL;Yes;Yes;No;No;No;No;One year;No;Bank transfer (automatic);56.15;3487.95
4023;1686-STUHN;Male;0;No;No;42;Yes;No;No;No internet service;No internet service;No internet service;No internet service;No internet service;No internet service;One year;No;Bank transfer (automatic);19.8;849.9
5611;6847-KJLTS;Female;1;Yes;No;58;Yes;Yes;Fiber optic;No;No;No;Yes;Yes;Yes;Month-to-month;Yes;Bank transfer (automatic);100.4;5749.8
2110;3744-ZBHON;Female;0;No;No;3;Yes;No;No;No internet service;No internet service;No internet service;No internet service;No internet service;No internet service;Month-to-month;No;Electronic check;20.2;65.95
2561;3230-JCNZS;Female;0;Yes;Yes;71;Yes;Yes;Fiber optic;Yes;Yes;Yes;No;Yes;No;Two year;Yes;Credit card (automatic);99.0;7061.65
1740;1222-KJNZD;Male;0;Yes;Yes;40;Yes;No;No;No internet service;No internet service;No internet service;No internet service;No internet service;No internet service;Month-to-month;Yes;Bank transfer (automatic);20.4;745.3
313;2799-ARNLO;Female;1;Yes;No;5;Yes;No;Fiber optic;No;No;No;No;No;No;Month-to-month;Yes;Electronic check;69.35;341.6
6999;2108-XWMPY;Male;0;No;No;3;No;No phone service;DSL;Yes;Yes;No;No;No;No;Month-to-month;Yes;Mailed check;35.45;106.85
4325;2700-LUEVA;Male;0;No;No;1;Yes;No;No;No internet service;No internet service;No internet service;No internet service;No internet service;No internet service;Month-to-month;No;Credit card (automatic);20.75;20.75
5608;9705-ZJBCG;Female;0;Yes;Yes;13;Yes;No;DSL;Yes;No;No;Yes;No;No;One year;No;Bank transfer (automatic);54.15;701.05
4518;8808-ELEHO;Male;1;No;No;8;Yes;Yes;Fiber optic;No;No;Yes;No;No;No;Month-to-month;Yes;Electronic check;81.25;585.95
6353;8735-DCXNF;Male;0;Yes;No;10;Yes;No;DSL;Yes;No;No;Yes;No;No;Month-to-month;Yes;Credit card (automatic);54.95;568.85
4225;5345-BMKWB;Male;0;Yes;No;8;Yes;No;No;No internet service;No internet service;No internet service;No internet service;No internet service;No internet service;Month-to-month;No;Mailed check;20.25;158.35
3570;6696-YDAYZ;Male;0;Yes;Yes;16;Yes;No;No;No internet service;No internet service;No internet service;No internet service;No internet service;No internet service;Two year;No;Mailed check;20.5;290.55
539;5394-MEITZ;Female;0;Yes;Yes;60;Yes;No;DSL;No;Yes;Yes;Yes;Yes;Yes;Two year;Yes;Bank transfer (automatic);80.6;4946.7
2618;1069-QJOEE;Male;0;Yes;Yes;25;Yes;No;No;No internet service;No internet service;No internet service;No internet service;No internet service;No internet service;One year;No;Electronic check;19.9;505.45
2321;9776-OJUZI;Female;1;No;No;65;Yes;Yes;Fiber optic;No;Yes;Yes;No;Yes;No;Month-to-month;Yes;Bank transfer (automatic);95.45;6223.3
3823;9065-ZCPQX;Male;0;Yes;No;72;Yes;Yes;DSL;Yes;Yes;Yes;Yes;No;Yes;Two year;No;Bank transfer (automatic);78.85;5763.15
3262;5498-TXHLF;Female;0;Yes;Yes;34;Yes;Yes;Fiber optic;No;No;Yes;No;Yes;No;Month-to-month;No;Electronic check;87.45;2874.15
1845;4115-UMJFQ;Male;0;No;No;69;No;No phone service;DSL;No;Yes;Yes;No;No;No;One year;Yes;Bank transfer (automatic);35.75;2492.25
1970;5445-UTODQ;Female;0;Yes;No;7;Yes;No;Fiber optic;No;No;No;No;Yes;No;Month-to-month;Yes;Electronic check;81.1;576.65
6529;7235-NXZCP;Male;1;No;No;2;Yes;Yes;Fiber optic;No;No;No;No;No;No;Month-to-month;Yes;Mailed check;74.85;156.4
4684;6305-YLBMM;Male;0;No;No;69;Yes;No;Fiber optic;No;Yes;Yes;Yes;Yes;Yes;One year;Yes;Bank transfer (automatic);104.05;7262
6127;6198-PNNSZ;Female;0;Yes;No;56;Yes;Yes;Fiber optic;Yes;Yes;Yes;No;Yes;Yes;One year;No;Bank transfer (automatic);109.8;6109.65
512;5956-VKDTT;Female;1;Yes;No;5;Yes;Yes;Fiber optic;No;No;No;No;No;No;Month-to-month;Yes;Electronic check;74.35;334.8
646;0887-HJGAR;Male;0;No;No;1;Yes;No;DSL;No;No;No;No;No;No;Month-to-month;Yes;Mailed check;45.7;45.7
3028;8740-XLHDR;Male;0;No;No;5;No;No phone service;DSL;Yes;Yes;Yes;Yes;No;No;Month-to-month;Yes;Mailed check;43.25;219
5295;2144-BFDSO;Female;1;Yes;No;50;Yes;Yes;Fiber optic;Yes;Yes;Yes;No;Yes;Yes;Month-to-month;No;Bank transfer (automatic);108.75;5431.9
4843;0902-XKXPN;Male;0;Yes;Yes;69;Yes;No;No;No internet service;No internet service;No internet service;No internet service;No internet service;No internet service;Two year;No;Bank transfer (automatic);20.2;1376.5
6729;2256-YLYLP;Male;0;Yes;Yes;68;Yes;No;DSL;No;No;Yes;Yes;Yes;Yes;Two year;Yes;Bank transfer (automatic);72.95;4953.25
3247;8853-TZDGH;Female;0;No;No;72;Yes;Yes;Fiber optic;No;Yes;Yes;Yes;Yes;Yes;Two year;Yes;Bank transfer (automatic);111.6;8012.75
6245;4759-PXTAN;Female;0;Yes;No;59;Yes;Yes;DSL;No;Yes;No;Yes;Yes;Yes;One year;Yes;Electronic check;80.1;4693.2
975;2834-JRTUA;Male;0;No;No;71;Yes;Yes;Fiber optic;Yes;No;Yes;Yes;Yes;Yes;Two year;Yes;Electronic check;108.05;7532.15
5675;4983-CCWMC;Male;0;No;No;3;Yes;No;Fiber optic;No;No;No;No;No;No;Month-to-month;Yes;Mailed check;69.6;207.4
5047;8149-AIQCG;Male;0;No;No;39;Yes;Yes;Fiber optic;No;No;No;No;No;No;Month-to-month;Yes;Credit card (automatic);73.15;2730.85
5139;5549-ZGHFB;Male;0;Yes;Yes;50;Yes;Yes;No;No internet service;No internet service;No internet service;No internet service;No internet service;No internet service;Two year;No;Mailed check;24.95;1261.45
535;5348-CAGXB;Male;0;No;No;12;Yes;Yes;Fiber optic;No;No;Yes;No;Yes;No;Month-to-month;Yes;Electronic check;89.55;1021.75
5857;0378-NHQXU;Female;0;Yes;Yes;17;Yes;Yes;Fiber optic;No;No;Yes;No;Yes;No;Month-to-month;No;Electronic check;88.25;1460.65
1638;8883-ANODQ;Female;0;Yes;Yes;68;Yes;Yes;Fiber optic;No;Yes;Yes;No;No;No;Two year;Yes;Credit card (automatic);84.4;5746.75
6673;3798-EPWRR;Female;1;No;No;2;Yes;No;DSL;No;No;No;No;No;No;Month-to-month;No;Electronic check;43.95;85.1
6007;2724-FJDYW;Male;0;No;Yes;39;No;No phone service;DSL;No;No;Yes;Yes;Yes;Yes;One year;No;Bank transfer (automatic);54.85;2191.7
1141;1641-BYBTK;Male;0;No;Yes;6;Yes;No;No;No internet service;No internet service;No internet service;No internet service;No internet service;No internet service;Month-to-month;Yes;Mailed check;20.2;98.35
241;6614-FHDBO;Male;0;No;No;72;Yes;Yes;Fiber optic;No;Yes;Yes;Yes;Yes;Yes;Two year;No;Bank transfer (automatic);109.2;7878.3
2347;7089-RKVSZ;Male;0;Yes;Yes;8;Yes;Yes;No;No internet service;No internet service;No internet service;No internet service;No internet service;No internet service;One year;No;Mailed check;24.4;203.95
3110;6569-KTMDU;Female;0;No;No;1;Yes;No;No;No internet service;No internet service;No internet service;No internet service;No internet service;No internet service;Month-to-month;No;Mailed check;19.1;19.1
2984;6765-MBQNU;Female;0;Yes;No;26;Yes;Yes;No;No internet service;No internet service;No internet service;No internet service;No internet service;No internet service;One year;No;Mailed check;26.0;684.05
783;4678-DVQEO;Female;0;No;No;1;Yes;No;DSL;No;No;No;Yes;No;No;Month-to-month;Yes;Electronic check;52.2;52.2
3837;3932-CMDTD;Female;0;No;No;4;Yes;No;Fiber optic;No;Yes;Yes;Yes;Yes;Yes;One year;Yes;Electronic check;105.65;443.9
2044;2550-QHZGP;Male;0;No;No;7;Yes;No;No;No internet service;No internet service;No internet service;No internet service;No internet service;No internet service;One year;No;Mailed check;19.5;128.6
2210;7036-TYDEC;Female;0;No;No;69;Yes;Yes;Fiber optic;No;No;Yes;Yes;Yes;Yes;Two year;No;Electronic check;104.0;7028.5
1479;6281-FKEWS;Female;0;No;No;44;No;No phone service;DSL;No;No;Yes;No;Yes;Yes;One year;Yes;Electronic check;49.05;2265
6031;0282-NVSJS;Female;1;Yes;Yes;12;No;No phone service;DSL;No;No;No;Yes;No;No;Month-to-month;Yes;Mailed check;29.3;355.9
640;9574-BOSMD;Male;0;Yes;Yes;68;Yes;Yes;No;No internet service;No internet service;No internet service;No internet service;No internet service;No internet service;Two year;No;Bank transfer (automatic);25.4;1620.2
2688;1569-TTNYJ;Male;0;Yes;No;5;Yes;Yes;Fiber optic;No;Yes;No;No;No;No;Month-to-month;Yes;Electronic check;78.75;412.1
2872;8148-NLEGT;Female;0;Yes;Yes;42;Yes;Yes;No;No internet service;No internet service;No internet service;No internet service;No internet service;No internet service;Two year;No;Electronic check;22.95;1014.25
1854;6702-OHFWR;Male;1;No;No;1;No;No phone service;DSL;No;Yes;Yes;No;No;Yes;Month-to-month;Yes;Electronic check;43.3;43.3
4043;3308-JSGML;Male;1;Yes;No;59;No;No phone service;DSL;Yes;No;Yes;Yes;Yes;Yes;Two year;Yes;Credit card (automatic);64.05;3886.85
3835;8194-PEEBY;Female;0;Yes;Yes;24;Yes;No;No;No internet service;No internet service;No internet service;No internet service;No internet service;No internet service;One year;No;Mailed check;19.9;533.5
4163;9253-VIFJQ;Male;0;Yes;No;65;Yes;Yes;DSL;Yes;Yes;Yes;No;No;No;One year;No;Credit card (automatic);67.05;4309.55
1199;7126-RBHSD;Female;0;Yes;No;17;Yes;Yes;Fiber optic;Yes;No;No;No;No;No;Month-to-month;No;Electronic check;78.9;1348.95
2509;1926-QUZNN;Female;0;Yes;No;72;Yes;Yes;No;No internet service;No internet service;No internet service;No internet service;No internet service;No internet service;Two year;Yes;Bank transfer (automatic);25.25;1841.2
3508;2368-GAKKQ;Female;0;No;No;70;Yes;Yes;Fiber optic;Yes;Yes;Yes;Yes;Yes;Yes;Two year;Yes;Bank transfer (automatic);113.65;7939.25
1535;7905-NJMXS;Male;1;Yes;No;7;Yes;Yes;DSL;Yes;Yes;No;Yes;No;No;Month-to-month;No;Electronic check;64.2;475
1498;0529-ONKER;Male;1;No;No;15;Yes;Yes;Fiber optic;No;No;No;No;No;No;Month-to-month;No;Electronic check;75.65;1146.65
3525;5889-JTMUL;Female;1;Yes;No;50;Yes;Yes;Fiber optic;No;Yes;Yes;No;Yes;No;Month-to-month;Yes;Electronic check;95.05;4888.7
6356;3587-PMCOY;Male;0;No;No;10;Yes;No;Fiber optic;Yes;No;Yes;No;Yes;Yes;One year;Yes;Electronic check;98.9;1064.95
3805;8644-XLFBW;Male;1;No;No;1;Yes;No;Fiber optic;No;No;No;No;No;No;Month-to-month;Yes;Electronic check;71.65;71.65
5716;8903-XEBGX;Male;0;No;Yes;2;Yes;No;DSL;No;No;No;No;No;Yes;Month-to-month;Yes;Electronic check;55.3;108.65
6905;4459-BBGHE;Male;0;No;Yes;30;No;No phone service;DSL;No;No;No;No;Yes;Yes;Month-to-month;Yes;Electronic check;44.5;1307.8
2588;5780-INQIK;Female;0;No;No;8;Yes;No;DSL;No;No;No;Yes;No;No;Month-to-month;No;Electronic check;49.4;408.25
29;8773-HHUOZ;Female;0;No;Yes;17;Yes;No;DSL;No;No;No;No;Yes;Yes;Month-to-month;Yes;Mailed check;64.7;1093.1
3725;0968-GSIKN;Female;0;No;No;1;Yes;No;Fiber optic;No;No;No;No;No;No;Month-to-month;Yes;Mailed check;70.8;70.8
3463;9576-SYUHJ;Male;0;No;No;37;Yes;Yes;Fiber optic;Yes;No;No;No;Yes;No;Month-to-month;Yes;Electronic check;91.15;3369.25
2510;3707-GNWHM;Male;0;No;No;1;Yes;Yes;Fiber optic;No;No;No;No;No;No;Month-to-month;Yes;Mailed check;74.25;74.25
2786;6584-VQMYT;Male;0;No;Yes;27;Yes;No;DSL;Yes;Yes;No;No;No;No;One year;No;Mailed check;56.2;1567.55
5366;8232-CTLKO;Female;0;Yes;Yes;66;Yes;No;DSL;Yes;No;No;No;Yes;No;Two year;Yes;Electronic check;59.75;3996.8
3464;0410-IPFTY;Female;0;Yes;No;31;Yes;No;Fiber optic;No;Yes;No;No;No;Yes;Month-to-month;Yes;Bank transfer (automatic);83.85;2674.15
6301;7872-RDDLZ;Female;1;No;No;67;Yes;Yes;DSL;No;Yes;No;No;No;No;Month-to-month;No;Electronic check;54.9;3725.5
1288;2616-FLVQC;Male;0;No;No;64;Yes;No;No;No internet service;No internet service;No internet service;No internet service;No internet service;No internet service;Two year;No;Mailed check;19.55;1240.15
4731;8748-HFWBO;Male;0;Yes;Yes;19;Yes;No;No;No internet service;No internet service;No internet service;No internet service;No internet service;No internet service;One year;No;Mailed check;19.9;357.7
1747;3198-VELRD;Female;0;Yes;Yes;3;Yes;Yes;Fiber optic;No;No;No;No;No;Yes;Month-to-month;Yes;Bank transfer (automatic);84.75;264.85
2403;0310-SUCIN;Female;0;Yes;No;71;Yes;No;DSL;Yes;Yes;Yes;Yes;Yes;Yes;One year;Yes;Bank transfer (automatic);84.8;6046.1
2932;7740-BTPUX;Male;1;Yes;No;55;Yes;Yes;Fiber optic;No;Yes;Yes;Yes;Yes;Yes;Two year;Yes;Electronic check;113.6;6292.7
5395;9095-HFAFX;Female;0;No;No;5;Yes;No;Fiber optic;No;No;No;No;Yes;No;Month-to-month;Yes;Credit card (automatic);81.0;389.6
4010;3727-JEZTU;Female;0;No;No;1;Yes;No;No;No internet service;No internet service;No internet service;No internet service;No internet service;No internet service;Month-to-month;No;Mailed check;20.4;20.4
6270;0625-AFOHS;Female;0;Yes;Yes;29;Yes;No;No;No internet service;No internet service;No internet service;No internet service;No internet service;No internet service;Two year;No;Mailed check;20.2;558.8
5939;4712-AUQZO;Male;0;No;No;18;No;No phone service;DSL;Yes;No;Yes;No;No;No;Month-to-month;No;Mailed check;33.6;550.35
4254;2683-BPJSO;Male;0;Yes;No;29;Yes;Yes;Fiber optic;Yes;Yes;No;No;No;No;Month-to-month;Yes;Electronic check;84.45;2467.1
269;7014-ZZXAW;Female;0;Yes;No;71;Yes;Yes;No;No internet service;No internet service;No internet service;No internet service;No internet service;No internet service;Two year;Yes;Credit card (automatic);24.25;1732.95
6497;4062-HBMOS;Male;0;No;No;52;Yes;Yes;Fiber optic;No;Yes;Yes;No;Yes;Yes;Month-to-month;Yes;Electronic check;103.05;5364.8
974;0604-THJFP;Female;0;Yes;Yes;59;Yes;No;DSL;No;Yes;No;Yes;Yes;Yes;Two year;Yes;Credit card (automatic);75.95;4542.35
4488;3714-JTVOV;Female;1;Yes;No;42;Yes;No;Fiber optic;Yes;No;No;No;No;No;Month-to-month;Yes;Credit card (automatic);74.15;3229.4
4269;9170-CCKOU;Male;0;Yes;No;17;Yes;Yes;Fiber optic;Yes;Yes;Yes;No;No;No;Month-to-month;No;Credit card (automatic);90.2;1454.15
6380;2378-VTKDH;Male;1;Yes;No;65;Yes;Yes;Fiber optic;No;Yes;Yes;No;Yes;Yes;Month-to-month;Yes;Electronic check;104.35;6578.55
6894;1400-MMYXY;Male;1;Yes;No;3;Yes;Yes;Fiber optic;No;Yes;Yes;No;Yes;Yes;Month-to-month;Yes;Electronic check;105.9;334.65
2983;4674-HGNUA;Male;0;Yes;Yes;71;Yes;Yes;DSL;Yes;Yes;Yes;Yes;Yes;Yes;Two year;No;Credit card (automatic);89.9;6457.15
6478;9330-VOFSZ;Female;0;Yes;No;60;Yes;Yes;Fiber optic;No;Yes;Yes;Yes;Yes;Yes;Two year;Yes;Credit card (automatic);110.8;6640.7
154;3077-RSNTJ;Female;0;Yes;Yes;6;Yes;No;No;No internet service;No internet service;No internet service;No internet service;No internet service;No internet service;Month-to-month;No;Mailed check;19.7;113.5
54;4667-QONEA;Female;1;Yes;Yes;60;Yes;No;DSL;Yes;Yes;Yes;Yes;No;Yes;One year;Yes;Credit card (automatic);74.85;4456.35
2004;8565-CLBZW;Male;0;No;No;24;Yes;Yes;Fiber optic;No;No;Yes;No;Yes;No;Month-to-month;Yes;Mailed check;89.85;2165.05
2631;6861-XWTWQ;Male;1;Yes;No;7;Yes;Yes;Fiber optic;No;No;Yes;No;Yes;Yes;Month-to-month;Yes;Electronic check;99.25;665.45
2989;3308-MHOOC;Male;0;No;Yes;1;Yes;No;No;No internet service;No internet service;No internet service;No internet service;No internet service;No internet service;Month-to-month;Yes;Mailed check;19.2;19.2
6205;7547-EKNFS;Male;0;Yes;No;42;Yes;Yes;Fiber optic;No;Yes;Yes;No;Yes;No;Month-to-month;Yes;Bank transfer (automatic);95.25;3959.35
942;7567-ECMCM;Male;0;No;No;24;Yes;No;Fiber optic;No;No;No;No;No;Yes;Month-to-month;Yes;Credit card (automatic);79.85;2001
4038;2525-GVKQU;Female;0;No;No;60;Yes;No;No;No internet service;No internet service;No internet service;No internet service;No internet service;No internet service;Two year;No;Mailed check;20.6;1093
36;6047-YHPVI;Male;0;No;No;5;Yes;No;Fiber optic;No;No;No;No;No;No;Month-to-month;Yes;Electronic check;69.7;316.9
5592;5063-IUOKK;Male;0;No;No;13;Yes;No;No;No internet service;No internet service;No internet service;No internet service;No internet service;No internet service;Two year;No;Mailed check;19.75;265.75
1889;8069-YQQAJ;Male;0;No;No;14;No;No phone service;DSL;No;Yes;No;No;No;No;Month-to-month;Yes;Mailed check;31.1;419.7
2325;3097-PYWXL;Female;0;Yes;Yes;4;Yes;No;No;No internet service;No internet service;No internet service;No internet service;No internet service;No internet service;Month-to-month;Yes;Electronic check;19.95;82.9
5265;4274-DRSQT;Female;0;No;No;66;Yes;Yes;Fiber optic;No;Yes;No;No;Yes;No;One year;Yes;Bank transfer (automatic);88.9;6000.1
6129;4132-POCZS;Male;0;Yes;No;52;No;No phone service;DSL;Yes;No;No;No;No;Yes;Month-to-month;Yes;Electronic check;39.9;2020.9
574;6030-REHUX;Female;1;Yes;No;28;Yes;Yes;Fiber optic;No;Yes;Yes;Yes;Yes;Yes;Month-to-month;Yes;Electronic check;110.85;3204.4
4672;8082-GHXOP;Male;0;No;Yes;13;Yes;No;DSL;No;No;No;No;No;No;Month-to-month;No;Mailed check;44.0;659.35
4607;2853-CWQFQ;Male;0;No;Yes;1;Yes;No;DSL;No;No;No;Yes;No;Yes;Month-to-month;Yes;Mailed check;59.55;59.55
989;3280-NMUVX;Male;0;Yes;Yes;34;Yes;No;No;No internet service;No internet service;No internet service;No internet service;No internet service;No internet service;One year;No;Credit card (automatic);19.6;678.8
4501;5006-MXVRN;Female;0;No;No;39;Yes;No;No;No internet service;No internet service;No internet service;No internet service;No internet service;No internet service;Two year;No;Credit card (automatic);20.7;762.45
5942;7240-ETPTR;Female;0;Yes;No;9;No;No phone service;DSL;No;No;Yes;No;Yes;Yes;Month-to-month;Yes;Electronic check;48.75;442.2
4504;8327-WKMIE;Male;0;No;No;37;Yes;No;No;No internet service;No internet service;No internet service;No internet service;No internet service;No internet service;One year;No;Credit card (automatic);20.15;785.75
5022;2599-CIPQE;Male;0;Yes;Yes;71;Yes;No;Fiber optic;Yes;Yes;Yes;Yes;Yes;Yes;Two year;No;Credit card (automatic);109.3;7782.85
6055;6599-SFQVE;Female;0;No;No;6;Yes;No;DSL;No;No;No;No;No;Yes;Month-to-month;Yes;Electronic check;55.0;340.4
3774;1309-XGFSN;Male;1;Yes;Yes;52;Yes;Yes;DSL;No;Yes;Yes;No;Yes;Yes;One year;Yes;Electronic check;80.85;4079.55
1454;8681-ICONS;Male;0;Yes;Yes;29;Yes;No;No;No internet service;No internet service;No internet service;No internet service;No internet service;No internet service;Month-to-month;Yes;Mailed check;20.65;654.85
3536;2254-DLXRI;Female;0;No;No;1;Yes;Yes;Fiber optic;No;Yes;No;No;No;No;Month-to-month;Yes;Mailed check;79.15;79.15
421;5605-IYGFG;Female;0;No;No;7;Yes;No;Fiber optic;No;No;No;No;No;No;Month-to-month;Yes;Bank transfer (automatic);69.85;515.45
2373;5498-IBWPI;Female;0;Yes;Yes;66;Yes;No;DSL;No;No;No;Yes;No;No;One year;Yes;Credit card (automatic);49.4;3251.85
102;7123-WQUHX;Male;0;No;No;38;Yes;Yes;Fiber optic;No;No;Yes;Yes;Yes;No;One year;No;Bank transfer (automatic);95.0;3605.6
2825;7610-TVOPG;Male;0;No;No;15;Yes;Yes;No;No internet service;No internet service;No internet service;No internet service;No internet service;No internet service;Month-to-month;Yes;Electronic check;26.35;378.6
5848;9958-MEKUC;Male;0;Yes;Yes;72;Yes;Yes;Fiber optic;Yes;Yes;Yes;Yes;No;Yes;Two year;No;Credit card (automatic);103.95;7517.7
2193;6922-NCEDI;Male;0;No;Yes;56;Yes;No;No;No internet service;No internet service;No internet service;No internet service;No internet service;No internet service;One year;Yes;Mailed check;21.2;1238.65
5453;4012-YCFAI;Male;0;Yes;No;60;Yes;No;DSL;Yes;Yes;No;Yes;No;No;Two year;Yes;Mailed check;61.35;3766.2
5540;3803-KMQFW;Female;0;Yes;Yes;1;Yes;No;No;No internet service;No internet service;No internet service;No internet service;No internet service;No internet service;Month-to-month;No;Mailed check;20.55;20.55
6718;8676-TRMJS;Male;0;No;No;3;Yes;Yes;Fiber optic;No;No;No;No;No;No;Month-to-month;No;Mailed check;75.0;209.1
3880;9470-RTWDV;Male;0;Yes;Yes;26;Yes;Yes;DSL;No;No;Yes;Yes;Yes;Yes;One year;Yes;Credit card (automatic);82.0;2083.1
5136;3295-YVUSR;Male;1;No;No;2;Yes;Yes;Fiber optic;No;No;No;No;No;No;Month-to-month;Yes;Mailed check;72.6;154.3
2514;8922-LIEGH;Female;1;No;No;25;Yes;Yes;Fiber optic;No;Yes;No;No;No;Yes;Month-to-month;Yes;Electronic check;89.7;2187.55
1408;5678-VFNEQ;Female;0;Yes;No;71;Yes;Yes;Fiber optic;Yes;No;Yes;No;Yes;Yes;One year;Yes;Credit card (automatic);104.1;7412.25
3572;1730-ZMAME;Female;1;No;No;32;Yes;No;Fiber optic;No;No;No;No;No;Yes;Month-to-month;Yes;Electronic check;79.5;2665
1900;0754-EEBDC;Male;0;Yes;Yes;4;Yes;No;No;No internet service;No internet service;No internet service;No internet service;No internet service;No internet service;Two year;No;Mailed check;19.9;76.65
3655;6878-GGDWG;Female;0;Yes;No;32;Yes;No;No;No internet service;No internet service;No internet service;No internet service;No internet service;No internet service;Month-to-month;No;Bank transfer (automatic);19.4;641.15
3295;4900-MSOMT;Female;0;Yes;Yes;72;Yes;Yes;DSL;Yes;Yes;Yes;Yes;Yes;No;Two year;No;Bank transfer (automatic);80.2;5714.2
2176;2626-VEEWG;Male;0;Yes;Yes;67;Yes;No;No;No internet service;No internet service;No internet service;No internet service;No internet service;No internet service;Two year;Yes;Credit card (automatic);19.4;1284.2
4257;9732-EQMWY;Female;0;Yes;No;49;Yes;No;Fiber optic;No;Yes;Yes;No;Yes;Yes;Month-to-month;No;Electronic check;99.4;5025
6056;8331-ZXFOE;Female;0;No;No;58;Yes;Yes;DSL;Yes;Yes;Yes;Yes;No;No;One year;Yes;Credit card (automatic);71.1;4299.2
5727;8707-HOEDG;Female;0;Yes;Yes;70;Yes;Yes;Fiber optic;No;Yes;Yes;Yes;Yes;Yes;Two year;Yes;Electronic check;110.2;7689.8
1464;4283-IVYCI;Male;0;No;No;9;Yes;No;DSL;Yes;No;No;Yes;No;Yes;Month-to-month;No;Mailed check;64.95;547.8
6620;6457-USBER;Male;0;No;No;1;Yes;No;Fiber optic;No;No;No;No;No;Yes;Month-to-month;Yes;Electronic check;80.8;80.8
6054;9445-SZLCH;Female;0;Yes;Yes;36;Yes;Yes;Fiber optic;No;Yes;Yes;No;Yes;No;Month-to-month;Yes;Bank transfer (automatic);97.35;3457.9
6752;9928-BZVLZ;Female;0;No;No;12;No;No phone service;DSL;Yes;No;Yes;Yes;No;Yes;Two year;No;Mailed check;49.85;552.1
5355;4724-WXVWF;Male;0;No;No;48;Yes;Yes;Fiber optic;Yes;No;No;Yes;No;Yes;Month-to-month;Yes;Electronic check;95.4;4445.3
5110;8541-QVFKM;Female;0;No;No;8;Yes;Yes;Fiber optic;No;No;No;No;No;No;Month-to-month;Yes;Electronic check;73.5;632.2
1203;9087-EYCPR;Female;0;No;No;60;Yes;Yes;No;No internet service;No internet service;No internet service;No internet service;No internet service;No internet service;Two year;No;Mailed check;25.0;1505.05
4004;5803-NQJZO;Male;0;Yes;No;72;Yes;Yes;DSL;Yes;Yes;Yes;Yes;No;No;Two year;Yes;Bank transfer (automatic);67.8;4804.65
3351;1120-BMWUB;Female;0;No;No;16;Yes;No;DSL;No;Yes;No;Yes;No;No;Month-to-month;Yes;Mailed check;53.9;834.15
2083;4897-QSUYC;Female;0;No;No;1;Yes;No;No;No internet service;No internet service;No internet service;No internet service;No internet service;No internet service;Month-to-month;Yes;Mailed check;20.15;20.15
6767;7672-VFMXZ;Male;0;Yes;No;57;Yes;No;DSL;Yes;No;No;Yes;No;No;Month-to-month;No;Electronic check;55.7;3171.6
4495;4702-IOQDC;Female;0;No;No;1;Yes;No;Fiber optic;No;No;No;No;No;No;Month-to-month;Yes;Electronic check;70.1;70.1
3930;8849-PRIQJ;Female;0;Yes;Yes;67;Yes;Yes;Fiber optic;Yes;No;Yes;Yes;Yes;Yes;One year;Yes;Electronic check;109.4;7281.6
2124;7802-EFKNY;Male;0;Yes;No;5;No;No phone service;DSL;No;No;No;No;No;No;Month-to-month;Yes;Electronic check;24.95;100.4
1363;3084-DOWLE;Female;0;Yes;No;72;Yes;Yes;DSL;Yes;Yes;Yes;Yes;Yes;Yes;Two year;No;Bank transfer (automatic);92.0;6474.4
6993;6583-QGCSI;Female;1;Yes;No;50;Yes;Yes;Fiber optic;No;Yes;No;No;Yes;No;Month-to-month;Yes;Electronic check;88.05;4367.35
2056;4138-NAXED;Male;0;No;No;51;Yes;Yes;Fiber optic;No;Yes;No;No;No;No;Month-to-month;No;Bank transfer (automatic);81.0;4085.75
2261;3126-WQMGH;Female;0;Yes;No;49;Yes;Yes;DSL;No;No;No;No;No;No;Month-to-month;Yes;Credit card (automatic);52.15;2583.75
914;6024-RUGGH;Male;0;Yes;Yes;72;Yes;Yes;No;No internet service;No internet service;No internet service;No internet service;No internet service;No internet service;Two year;Yes;Bank transfer (automatic);25.2;1798.9
3748;6339-RZCBJ;Male;0;No;No;48;Yes;No;DSL;No;Yes;Yes;Yes;Yes;Yes;Two year;No;Credit card (automatic);78.9;3771.5
3408;2108-YKQTY;Female;0;No;No;4;Yes;No;DSL;No;Yes;No;No;No;No;Month-to-month;No;Credit card (automatic);50.7;151.3
1072;7771-ZONAT;Male;0;No;No;22;No;No phone service;DSL;No;No;Yes;Yes;Yes;Yes;Two year;No;Bank transfer (automatic);56.75;1304.85
3758;8885-QSQBX;Female;0;No;No;1;Yes;No;DSL;Yes;No;No;No;No;No;Month-to-month;No;Bank transfer (automatic);49.55;49.55
3147;8903-WMRNW;Female;0;Yes;No;15;Yes;No;Fiber optic;Yes;No;Yes;No;Yes;Yes;Month-to-month;No;Electronic check;101.75;1669.4
1978;0602-DDUML;Female;0;No;No;57;Yes;No;DSL;No;Yes;Yes;Yes;Yes;No;Two year;No;Mailed check;69.75;3894.4
120;1091-SOZGA;Female;0;Yes;Yes;56;Yes;Yes;Fiber optic;No;No;Yes;No;Yes;Yes;One year;Yes;Credit card (automatic);99.8;5515.45
1783;8380-PEFPE;Male;0;No;Yes;1;Yes;No;Fiber optic;No;No;No;No;No;No;Month-to-month;Yes;Electronic check;71.65;71.65
5075;4879-GZLFH;Female;0;Yes;Yes;42;Yes;No;Fiber optic;No;No;Yes;No;Yes;Yes;Month-to-month;Yes;Electronic check;92.15;3875.4
260;7273-TEFQD;Male;1;No;No;3;No;No phone service;DSL;No;No;Yes;No;No;Yes;Month-to-month;Yes;Electronic check;41.15;132.2
6761;2369-FEVNO;Male;0;No;No;1;Yes;No;No;No internet service;No internet service;No internet service;No internet service;No internet service;No internet service;Month-to-month;Yes;Mailed check;19.9;19.9
6751;1241-FPMOF;Male;0;No;No;52;Yes;No;No;No internet service;No internet service;No internet service;No internet service;No internet service;No internet service;Two year;No;Mailed check;19.65;1025.05
543;1342-JPNKI;Male;0;No;No;10;Yes;Yes;Fiber optic;No;No;No;No;Yes;No;Month-to-month;Yes;Bank transfer (automatic);86.05;834.1
3064;7855-DIWPO;Female;0;No;No;21;Yes;No;Fiber optic;No;No;No;No;No;No;Month-to-month;Yes;Electronic check;68.65;1493.2
5423;5228-EXCET;Male;0;No;No;13;Yes;No;Fiber optic;No;No;No;No;No;Yes;Month-to-month;Yes;Electronic check;80.85;1008.7
5739;4199-QHJNM;Male;1;Yes;No;67;Yes;Yes;Fiber optic;No;Yes;No;Yes;Yes;Yes;Two year;No;Bank transfer (automatic);102.9;6989.7
1186;7670-ZBPOQ;Female;0;Yes;No;58;Yes;Yes;DSL;Yes;No;No;Yes;No;No;One year;Yes;Bank transfer (automatic);61.05;3478.75
3858;0840-DCNZE;Male;0;No;No;47;Yes;No;DSL;Yes;Yes;Yes;Yes;Yes;Yes;One year;Yes;Bank transfer (automatic);86.95;4138.9
2348;2683-JXWQQ;Male;0;Yes;Yes;61;No;No phone service;DSL;Yes;No;Yes;No;No;No;Month-to-month;No;Bank transfer (automatic);33.6;2117.2
195;2604-IJPDU;Female;0;Yes;No;20;Yes;No;Fiber optic;Yes;Yes;No;Yes;Yes;No;Month-to-month;Yes;Electronic check;96.55;1901.65
6636;3468-DRVQJ;Female;0;Yes;Yes;10;Yes;Yes;DSL;Yes;Yes;No;No;Yes;No;One year;No;Electronic check;70.3;676.15
6658;0818-OCPZO;Male;1;No;No;27;Yes;Yes;Fiber optic;No;Yes;No;No;No;No;Month-to-month;Yes;Electronic check;81.45;2122.05
6990;0376-OIWME;Male;0;Yes;No;36;Yes;No;Fiber optic;Yes;No;No;No;Yes;Yes;Month-to-month;Yes;Electronic check;93.6;3366.05
3033;5795-KTGUD;Female;0;Yes;No;68;Yes;Yes;Fiber optic;Yes;Yes;Yes;No;Yes;Yes;Two year;Yes;Bank transfer (automatic);110.8;7553.6
4074;0946-CLJTI;Male;1;Yes;No;58;Yes;Yes;Fiber optic;No;No;Yes;No;Yes;Yes;Month-to-month;Yes;Electronic check;98.7;5812.6
2503;9067-SQTNS;Male;0;Yes;Yes;44;Yes;No;No;No internet service;No internet service;No internet service;No internet service;No internet service;No internet service;One year;No;Bank transfer (automatic);20.6;926
6514;6166-YIPFO;Male;0;Yes;No;72;No;No phone service;DSL;Yes;Yes;Yes;Yes;Yes;Yes;Two year;Yes;Electronic check;64.7;4746.05
5596;5982-XMDEX;Female;0;No;No;65;Yes;Yes;No;No internet service;No internet service;No internet service;No internet service;No internet service;No internet service;Two year;No;Bank transfer (automatic);26.5;1698.55
2667;8454-AATJP;Female;0;No;No;72;Yes;Yes;Fiber optic;Yes;Yes;Yes;Yes;Yes;Yes;Two year;No;Credit card (automatic);115.05;8405
3305;5144-TVGLP;Male;1;No;No;38;Yes;Yes;Fiber optic;No;No;No;No;Yes;Yes;Month-to-month;No;Electronic check;94.75;3653
7016;1471-GIQKQ;Female;0;No;No;1;Yes;No;DSL;No;Yes;No;No;No;No;Month-to-month;No;Electronic check;49.95;49.95
2884;5248-RPYWW;Female;1;Yes;Yes;72;Yes;Yes;DSL;Yes;Yes;Yes;Yes;Yes;Yes;Two year;Yes;Bank transfer (automatic);90.15;6716.45
1043;4883-QICIH;Male;0;Yes;Yes;32;Yes;No;Fiber optic;No;No;No;No;No;No;Month-to-month;Yes;Bank transfer (automatic);69.75;2347.9
930;5146-CBVOE;Female;0;No;No;16;Yes;No;Fiber optic;No;Yes;No;No;No;No;Month-to-month;No;Bank transfer (automatic);75.1;1212.85
6118;9924-JPRMC;Male;0;No;No;72;Yes;Yes;Fiber optic;Yes;Yes;Yes;Yes;Yes;Yes;Two year;Yes;Electronic check;118.2;8547.15
6283;6956-SMUCM;Female;0;No;No;3;Yes;No;Fiber optic;Yes;No;Yes;No;Yes;Yes;Month-to-month;Yes;Credit card (automatic);99.0;287.4
1191;8221-HVAYI;Male;0;Yes;Yes;35;Yes;Yes;DSL;Yes;Yes;Yes;Yes;No;No;Two year;Yes;Credit card (automatic);69.15;2490.15
6446;2205-LPVGL;Male;1;Yes;Yes;58;Yes;Yes;Fiber optic;Yes;Yes;No;Yes;No;No;One year;Yes;Bank transfer (automatic);89.85;5125.75
1995;8000-REIQB;Female;1;No;No;1;Yes;No;Fiber optic;No;No;No;No;No;No;Month-to-month;Yes;Electronic check;69.95;69.95
1947;5504-WSIUR;Female;0;No;No;70;Yes;Yes;Fiber optic;No;Yes;Yes;Yes;No;No;One year;Yes;Bank transfer (automatic);90.25;6385.95
5170;7721-DVEKZ;Female;0;No;No;1;Yes;No;No;No internet service;No internet service;No internet service;No internet service;No internet service;No internet service;Month-to-month;No;Mailed check;19.65;19.65
5630;9801-GDWGV;Female;0;No;No;39;Yes;Yes;Fiber optic;No;Yes;Yes;No;Yes;Yes;Month-to-month;Yes;Electronic check;103.45;3994.45
4616;4338-EYCER;Male;0;Yes;No;21;Yes;No;DSL;No;No;No;No;Yes;No;Month-to-month;No;Bank transfer (automatic);54.6;1125.2
6332;4378-MYPGO;Male;0;Yes;Yes;68;Yes;No;Fiber optic;Yes;Yes;Yes;No;Yes;Yes;Two year;Yes;Bank transfer (automatic);105.25;7173.15
5751;0932-YIXYU;Female;0;No;No;47;Yes;No;No;No internet service;No internet service;No internet service;No internet service;No internet service;No internet service;Two year;No;Credit card (automatic);20.25;1029.8
2954;7410-YTJIK;Female;0;No;No;7;Yes;Yes;Fiber optic;No;No;No;No;No;No;Month-to-month;No;Mailed check;75.45;480.75
7021;1699-HPSBG;Male;0;No;No;12;Yes;No;DSL;No;No;No;Yes;Yes;No;One year;Yes;Electronic check;59.8;727.8
4930;8180-AKMJV;Female;0;No;No;1;Yes;No;DSL;No;No;No;No;No;No;Month-to-month;Yes;Credit card (automatic);44.55;44.55
6957;3914-FDRHP;Male;0;No;No;9;Yes;No;Fiber optic;No;No;No;Yes;Yes;No;Month-to-month;No;Electronic check;86.25;770.5
4365;4737-HOBAX;Male;0;Yes;No;63;Yes;Yes;DSL;No;No;Yes;Yes;Yes;Yes;Two year;No;Credit card (automatic);79.8;5034.05
4099;6624-JDRDS;Female;0;No;No;6;No;No phone service;DSL;Yes;No;No;No;No;No;Month-to-month;No;Bank transfer (automatic);29.45;161.45
3359;3623-FQBOX;Male;0;No;No;21;Yes;No;No;No internet service;No internet service;No internet service;No internet service;No internet service;No internet service;Month-to-month;Yes;Mailed check;19.95;416.4
4763;4001-TSBTV;Female;0;Yes;Yes;58;Yes;No;Fiber optic;No;Yes;Yes;No;Yes;No;Month-to-month;Yes;Electronic check;91.55;5511.65
2549;0188-GWFLE;Male;0;No;No;2;Yes;No;No;No internet service;No internet service;No internet service;No internet service;No internet service;No internet service;Month-to-month;No;Mailed check;20.05;33.7
4940;3703-KBKZP;Male;1;No;No;16;Yes;Yes;Fiber optic;No;No;No;No;No;No;Month-to-month;Yes;Bank transfer (automatic);74.45;1261.35
2467;6559-RAKOZ;Male;0;Yes;Yes;49;Yes;Yes;Fiber optic;No;No;No;Yes;Yes;Yes;One year;Yes;Electronic check;97.95;4917.9
32;6827-IEAUQ;Female;0;Yes;Yes;27;Yes;No;DSL;Yes;Yes;Yes;Yes;No;No;One year;No;Mailed check;66.15;1874.45
4580;0825-CPPQH;Female;0;Yes;No;71;Yes;No;No;No internet service;No internet service;No internet service;No internet service;No internet service;No internet service;Two year;No;Credit card (automatic);19.1;1372.45
1765;0409-WTMPL;Female;0;Yes;No;58;Yes;Yes;Fiber optic;Yes;Yes;Yes;No;Yes;Yes;One year;Yes;Credit card (automatic);110.65;6526.65
180;6317-YPKDH;Female;0;No;No;1;No;No phone service;DSL;No;Yes;No;No;No;No;Month-to-month;No;Bank transfer (automatic);29.95;29.95
4371;3372-CDXFJ;Male;0;Yes;Yes;13;Yes;Yes;No;No internet service;No internet service;No internet service;No internet service;No internet service;No internet service;One year;No;Bank transfer (automatic);24.5;343.6
5766;1183-CANVH;Female;0;Yes;No;23;Yes;No;DSL;No;No;No;Yes;Yes;No;One year;No;Bank transfer (automatic);60.0;1347.15
2450;7602-MVRMB;Female;0;Yes;Yes;72;Yes;Yes;Fiber optic;Yes;No;Yes;Yes;Yes;Yes;Two year;Yes;Bank transfer (automatic);110.45;8058.85
1474;9495-SKLKD;Male;0;Yes;Yes;45;Yes;Yes;Fiber optic;No;Yes;Yes;No;No;Yes;Month-to-month;Yes;Bank transfer (automatic);95.95;4456.65
6869;5906-CVLHP;Female;0;Yes;Yes;45;Yes;No;DSL;No;Yes;No;Yes;No;No;One year;Yes;Credit card (automatic);54.15;2319.8
1055;3486-NPGST;Female;0;No;No;36;Yes;No;No;No internet service;No internet service;No internet service;No internet service;No internet service;No internet service;One year;No;Mailed check;19.55;620.75
5629;5028-HTLJB;Male;1;No;No;1;Yes;No;No;No internet service;No internet service;No internet service;No internet service;No internet service;No internet service;Month-to-month;No;Mailed check;20.05;20.05
3172;8393-DLHGA;Male;0;No;Yes;25;Yes;No;Fiber optic;No;Yes;No;No;Yes;Yes;Month-to-month;Yes;Electronic check;95.9;2448.75
5207;9381-NDKME;Female;1;Yes;No;24;No;No phone service;DSL;No;No;Yes;No;No;Yes;Month-to-month;Yes;Credit card (automatic);40.65;933.3
6858;2685-SREOM;Female;0;Yes;Yes;25;Yes;Yes;Fiber optic;No;No;Yes;No;No;Yes;Month-to-month;Yes;Electronic check;89.1;2368.4
1373;4291-HPAXL;Male;0;No;Yes;1;Yes;No;No;No internet service;No internet service;No internet service;No internet service;No internet service;No internet service;Month-to-month;No;Mailed check;19.85;19.85
999;3234-VKACU;Male;0;No;No;2;Yes;No;DSL;No;No;No;Yes;Yes;Yes;Month-to-month;No;Electronic check;70.3;132.4
3468;0247-SLUJI;Male;0;Yes;Yes;1;Yes;No;No;No internet service;No internet service;No internet service;No internet service;No internet service;No internet service;Month-to-month;No;Mailed check;19.7;19.7
5588;1660-HSOOQ;Male;0;No;No;1;Yes;No;DSL;No;No;Yes;No;No;No;Month-to-month;Yes;Mailed check;49.65;49.65
4283;7044-YAACC;Male;1;Yes;No;4;Yes;No;Fiber optic;No;No;No;No;No;No;Month-to-month;Yes;Electronic check;70.2;280.35
709;3347-YJZZE;Male;0;Yes;Yes;29;Yes;Yes;DSL;No;Yes;Yes;No;Yes;Yes;Month-to-month;No;Credit card (automatic);80.1;2211.8
4110;5208-FVQKB;Male;0;Yes;No;70;Yes;No;DSL;Yes;Yes;No;Yes;No;Yes;Two year;No;Mailed check;67.95;4664.15
2307;0002-ORFBO;Female;0;Yes;Yes;9;Yes;No;DSL;No;Yes;No;Yes;Yes;No;One year;Yes;Mailed check;65.6;593.3
5522;2619-WFQWU;Female;0;No;No;1;Yes;No;Fiber optic;No;No;No;No;No;No;Month-to-month;Yes;Mailed check;70.15;70.15
3509;8710-YGLWG;Male;0;No;No;1;Yes;No;DSL;No;No;No;No;No;No;Month-to-month;Yes;Mailed check;44.9;44.9
5069;1602-IJQQE;Female;0;No;No;4;Yes;Yes;Fiber optic;No;No;No;No;No;No;Month-to-month;No;Electronic check;75.35;338.1
3745;2645-QTLMB;Male;0;No;No;7;Yes;No;Fiber optic;No;Yes;No;No;Yes;Yes;Month-to-month;Yes;Electronic check;94.25;669
873;5073-WXOYN;Female;0;No;No;60;No;No phone service;DSL;No;Yes;No;No;Yes;Yes;Month-to-month;Yes;Electronic check;50.8;3027.4
1150;8807-ARQET;Female;0;No;No;41;No;No phone service;DSL;No;Yes;No;No;No;Yes;Month-to-month;Yes;Electronic check;40.35;1677.85
1013;4065-JJAVA;Female;0;No;No;1;Yes;No;DSL;No;Yes;No;No;No;No;Month-to-month;No;Electronic check;49.5;49.5
278;8645-KWHJO;Male;0;No;No;14;No;No phone service;DSL;No;No;Yes;Yes;Yes;Yes;Month-to-month;Yes;Electronic check;55.0;771.95
3619;6479-VDGRK;Female;0;Yes;Yes;72;Yes;No;DSL;Yes;Yes;Yes;Yes;Yes;Yes;Two year;No;Bank transfer (automatic);85.3;6129.2
4318;4369-NYSCF;Male;0;No;No;56;Yes;No;DSL;No;Yes;No;Yes;Yes;Yes;One year;Yes;Bank transfer (automatic);75.75;4284.65
1942;3764-MNMOI;Male;0;No;No;46;Yes;No;No;No internet service;No internet service;No internet service;No internet service;No internet service;No internet service;Two year;No;Credit card (automatic);19.2;908.15
5001;8292-TYSPY;Male;0;No;No;19;Yes;No;DSL;No;No;Yes;Yes;No;No;Month-to-month;Yes;Credit card (automatic);55.0;1046.5
1861;7054-LGEQW;Female;0;No;No;1;Yes;No;DSL;No;No;No;No;No;No;Month-to-month;No;Mailed check;45.95;45.95
688;0946-FKYTX;Male;0;No;No;52;No;No phone service;DSL;No;Yes;No;No;No;No;One year;No;Mailed check;30.1;1623.4
7035;8456-QDAVC;Male;0;No;No;19;Yes;No;Fiber optic;No;No;No;No;Yes;No;Month-to-month;Yes;Bank transfer (automatic);78.7;1495.1
1245;6507-ZJSUR;Male;1;Yes;No;23;Yes;No;Fiber optic;No;No;No;No;Yes;Yes;Month-to-month;Yes;Electronic check;90.45;2117.25
6110;5438-QMDDL;Female;0;Yes;No;19;Yes;No;DSL;No;Yes;No;No;No;Yes;Month-to-month;Yes;Mailed check;59.8;1130.85
6005;3915-ODIYG;Male;1;No;No;60;Yes;Yes;DSL;Yes;Yes;No;No;No;Yes;One year;Yes;Electronic check;71.75;4374.55
4520;3506-LCJDC;Male;0;Yes;Yes;1;Yes;No;No;No internet service;No internet service;No internet service;No internet service;No internet service;No internet service;Month-to-month;No;Bank transfer (automatic);19.95;19.95
3474;3982-DQLUS;Male;1;Yes;Yes;65;Yes;Yes;Fiber optic;Yes;Yes;No;No;No;No;Month-to-month;Yes;Electronic check;85.75;5688.45
3851;0206-OYVOC;Female;0;Yes;Yes;46;Yes;No;No;No internet service;No internet service;No internet service;No internet service;No internet service;No internet service;Two year;Yes;Mailed check;19.25;864.2
2755;5468-BPMMO;Male;0;Yes;No;46;Yes;No;No;No internet service;No internet service;No internet service;No internet service;No internet service;No internet service;Month-to-month;No;Electronic check;19.6;851.2
4537;1100-DDVRV;Male;0;Yes;No;17;No;No phone service;DSL;No;Yes;No;No;Yes;Yes;Month-to-month;Yes;Mailed check;49.8;836.35
4407;1850-AKQEP;Male;0;No;Yes;8;Yes;No;No;No internet service;No internet service;No internet service;No internet service;No internet service;No internet service;Month-to-month;No;Mailed check;20.35;178.7
3174;6968-MHOMU;Male;0;Yes;No;58;No;No phone service;DSL;No;No;No;No;Yes;Yes;One year;Yes;Credit card (automatic);45.0;2689.35
5824;5321-NTRKC;Male;0;Yes;Yes;66;Yes;Yes;DSL;No;Yes;Yes;No;Yes;Yes;Two year;No;Bank transfer (automatic);79.85;5234.95
1626;9504-DSHWM;Male;0;No;No;20;Yes;Yes;DSL;Yes;No;No;Yes;No;No;Month-to-month;No;Bank transfer (automatic);59.2;1191.2
575;9548-LIGTA;Male;0;Yes;No;61;Yes;No;DSL;Yes;Yes;No;Yes;Yes;Yes;Two year;Yes;Mailed check;81.05;4747.65
6247;3428-MMGUB;Male;0;No;No;60;Yes;Yes;Fiber optic;No;No;Yes;No;Yes;No;Two year;Yes;Electronic check;89.55;5231.2
3778;9631-XEYKE;Male;0;No;No;3;Yes;Yes;DSL;No;No;No;No;No;No;Month-to-month;No;Bank transfer (automatic);50.4;137.25
2945;3987-KQDDU;Male;0;No;No;9;Yes;No;Fiber optic;Yes;No;No;No;No;No;Month-to-month;No;Electronic check;75.6;661.55
4773;8627-EHGIP;Male;0;No;No;44;No;No phone service;DSL;No;Yes;Yes;No;Yes;Yes;One year;Yes;Mailed check;53.95;2375.4
6193;5716-LIBJC;Female;0;No;Yes;13;Yes;Yes;Fiber optic;No;Yes;Yes;No;Yes;Yes;One year;Yes;Credit card (automatic);104.15;1299.1
2408;6619-RPLQZ;Female;0;Yes;Yes;45;Yes;No;No;No internet service;No internet service;No internet service;No internet service;No internet service;No internet service;Two year;No;Mailed check;20.85;892.15
3665;1545-JFUML;Male;0;Yes;No;71;Yes;Yes;Fiber optic;Yes;Yes;Yes;No;Yes;No;Two year;Yes;Electronic check;99.0;6994.6
6291;2890-WFBHU;Female;0;No;No;59;Yes;Yes;DSL;Yes;Yes;Yes;Yes;No;Yes;One year;No;Credit card (automatic);79.85;4786.1
6493;6576-FBXOJ;Male;0;Yes;No;17;No;No phone service;DSL;No;No;Yes;Yes;Yes;Yes;One year;No;Electronic check;54.6;934.8
3041;1406-PUQVY;Male;0;No;Yes;1;Yes;No;DSL;No;Yes;No;No;No;No;Month-to-month;Yes;Electronic check;49.9;49.9
5874;2968-SSGAA;Female;0;No;No;10;Yes;Yes;Fiber optic;No;No;Yes;No;Yes;Yes;Month-to-month;Yes;Electronic check;100.6;1060.2
4962;7088-FBAWU;Female;0;Yes;Yes;17;Yes;No;DSL;Yes;Yes;No;No;Yes;Yes;Month-to-month;No;Mailed check;74.55;1215.8
6456;9174-IHETN;Female;0;No;Yes;50;Yes;No;Fiber optic;No;No;No;No;No;No;Two year;No;Credit card (automatic);70.35;3533.6
2457;5198-EFNBM;Male;1;Yes;No;57;Yes;No;Fiber optic;No;Yes;Yes;No;Yes;No;One year;Yes;Electronic check;90.65;5199.8
573;4710-FDUIZ;Male;0;Yes;No;56;Yes;Yes;Fiber optic;No;Yes;No;No;Yes;Yes;One year;No;Credit card (automatic);100.3;5614.45
5091;2606-RMDHZ;Male;0;No;No;6;No;No phone service;DSL;No;Yes;No;No;No;No;Month-to-month;Yes;Credit card (automatic);30.5;208.7
2391;7318-EIVKO;Male;0;No;No;8;Yes;Yes;DSL;No;No;No;No;Yes;No;Month-to-month;Yes;Electronic check;59.25;436.6
4136;3079-BCHLN;Male;0;Yes;No;47;Yes;No;No;No internet service;No internet service;No internet service;No internet service;No internet service;No internet service;One year;No;Bank transfer (automatic);19.9;942.95
3424;4112-LUEIZ;Male;0;No;No;10;Yes;No;Fiber optic;No;No;No;No;Yes;Yes;Month-to-month;Yes;Electronic check;89.5;863.1
2267;9239-GZHZE;Female;0;Yes;No;72;Yes;Yes;Fiber optic;Yes;Yes;Yes;Yes;Yes;Yes;Two year;Yes;Credit card (automatic);113.65;8124.2
5291;1334-PDUKM;Female;0;Yes;No;68;Yes;Yes;Fiber optic;No;Yes;Yes;No;No;No;One year;No;Credit card (automatic);86.45;5762.95
4199;4088-YLDSU;Male;0;Yes;No;55;Yes;Yes;Fiber optic;No;No;Yes;Yes;Yes;Yes;One year;Yes;Electronic check;104.15;5743.05
2689;8628-MFKAX;Female;1;Yes;No;72;Yes;Yes;Fiber optic;Yes;Yes;Yes;Yes;Yes;Yes;Two year;Yes;Credit card (automatic);116.75;8277.05
2080;9919-FZDED;Male;1;Yes;No;72;Yes;Yes;DSL;Yes;Yes;Yes;No;Yes;Yes;Two year;Yes;Credit card (automatic);84.1;5981.65
6950;2075-RMJIK;Female;0;Yes;Yes;5;Yes;No;DSL;Yes;No;No;No;No;No;Month-to-month;Yes;Mailed check;49.4;232.55
6588;3389-KTRXV;Female;0;Yes;Yes;23;Yes;Yes;No;No internet service;No internet service;No internet service;No internet service;No internet service;No internet service;Two year;No;Mailed check;23.85;625.65
5484;4419-UJMUS;Male;0;Yes;Yes;69;Yes;Yes;Fiber optic;No;No;No;Yes;Yes;Yes;Two year;Yes;Electronic check;99.35;6856.45
6489;9318-NKNFC;Male;0;No;No;1;Yes;No;No;No internet service;No internet service;No internet service;No internet service;No internet service;No internet service;Month-to-month;Yes;Mailed check;18.85;18.85
235;1251-KRREG;Male;0;No;No;2;Yes;Yes;DSL;No;Yes;No;No;No;No;Month-to-month;Yes;Mailed check;54.4;114.1
3693;7032-LMBHI;Female;0;No;No;37;Yes;Yes;DSL;Yes;No;No;No;Yes;No;One year;No;Bank transfer (automatic);64.65;2347.85
5905;1628-BIZYP;Male;0;No;No;1;Yes;No;Fiber optic;No;Yes;No;No;No;Yes;Month-to-month;Yes;Electronic check;85.0;85
3068;1810-BOHSY;Male;0;Yes;No;51;Yes;Yes;Fiber optic;Yes;Yes;No;No;No;Yes;One year;Yes;Credit card (automatic);96.4;4911.05
969;3158-MOERK;Female;0;No;No;2;Yes;Yes;Fiber optic;No;No;No;No;Yes;Yes;Month-to-month;Yes;Electronic check;96.0;174.8
3769;2129-ALKBS;Female;0;Yes;Yes;40;Yes;Yes;No;No internet service;No internet service;No internet service;No internet service;No internet service;No internet service;Month-to-month;Yes;Electronic check;26.2;1077.5
3259;9620-ENEJV;Female;0;No;No;6;Yes;No;Fiber optic;No;No;No;No;No;No;Month-to-month;No;Credit card (automatic);70.55;433.95
204;9142-KZXOP;Male;0;No;No;44;Yes;No;Fiber optic;No;No;No;No;No;No;Month-to-month;No;Credit card (automatic);68.85;2958.95
4552;1385-TQOZW;Female;0;No;No;9;Yes;No;No;No internet service;No internet service;No internet service;No internet service;No internet service;No internet service;Month-to-month;Yes;Credit card (automatic);20.45;147.55
2130;8945-MUQUF;Male;0;No;No;51;Yes;Yes;Fiber optic;Yes;Yes;No;No;Yes;No;One year;Yes;Electronic check;94.8;4837.6
34;3413-BMNZE;Male;1;No;No;1;Yes;No;DSL;No;No;No;No;No;No;Month-to-month;No;Bank transfer (automatic);45.25;45.25
4825;0921-OHLVP;Male;0;No;No;22;Yes;Yes;Fiber optic;No;No;No;No;No;Yes;Month-to-month;No;Electronic check;83.05;1799.3
2834;4518-FZBSX;Male;0;Yes;Yes;42;Yes;No;No;No internet service;No internet service;No internet service;No internet service;No internet service;No internet service;One year;No;Mailed check;20.25;854.9
111;4549-ZDQYY;Female;0;No;No;52;Yes;No;DSL;Yes;No;Yes;Yes;No;No;One year;No;Credit card (automatic);57.95;3042.25
3261;2378-YIZKA;Female;0;Yes;Yes;68;Yes;No;DSL;Yes;Yes;Yes;Yes;Yes;Yes;Two year;Yes;Credit card (automatic);85.0;5607.75
4699;5855-EIBDE;Female;0;Yes;No;49;Yes;Yes;Fiber optic;Yes;Yes;Yes;Yes;No;Yes;Two year;No;Credit card (automatic);106.65;5174.35
1359;7943-RQCHR;Female;0;No;No;9;Yes;Yes;Fiber optic;No;No;No;No;Yes;Yes;Month-to-month;Yes;Electronic check;94.75;889.9
1745;2418-TPEUN;Female;0;Yes;Yes;56;Yes;No;No;No internet service;No internet service;No internet service;No internet service;No internet service;No internet service;Two year;Yes;Credit card (automatic);19.8;1119.9
1453;5899-OUVKV;Male;0;No;No;31;Yes;No;Fiber optic;No;Yes;No;No;Yes;Yes;Month-to-month;Yes;Electronic check;94.5;2979.2
462;0880-TKATG;Male;0;Yes;Yes;4;Yes;Yes;Fiber optic;No;No;Yes;No;Yes;Yes;Month-to-month;No;Electronic check;101.15;385.9
4716;5176-OLSKT;Female;0;Yes;No;66;Yes;Yes;DSL;Yes;Yes;Yes;No;No;No;Two year;No;Bank transfer (automatic);66.9;4370.25
3924;7716-YTYHG;Female;0;Yes;Yes;48;Yes;Yes;Fiber optic;No;No;No;No;No;Yes;One year;Yes;Mailed check;82.05;4029.95
4866;3688-FTHLT;Female;0;No;No;16;Yes;Yes;DSL;No;No;No;No;No;Yes;Month-to-month;Yes;Bank transfer (automatic);63.05;1067.05
1386;8060-HIWJJ;Male;0;No;No;64;Yes;Yes;DSL;No;Yes;Yes;Yes;Yes;Yes;Two year;No;Credit card (automatic);86.55;5632.55
3867;4922-CVPDX;Female;0;Yes;No;26;Yes;No;DSL;No;Yes;Yes;No;Yes;Yes;Two year;Yes;Credit card (automatic);73.5;1905.7
2034;9720-JJJOR;Male;0;Yes;Yes;41;Yes;No;DSL;Yes;Yes;Yes;No;No;No;One year;Yes;Bank transfer (automatic);60.3;2511.3
5657;3096-GKWEB;Male;0;Yes;No;18;Yes;Yes;Fiber optic;No;No;No;No;Yes;Yes;Month-to-month;Yes;Electronic check;94.75;1691.9
6518;1963-SVUCV;Male;0;No;No;1;Yes;No;DSL;No;No;No;No;No;No;Month-to-month;No;Electronic check;45.3;45.3
4806;6729-FZWSY;Male;0;No;No;67;Yes;No;No;No internet service;No internet service;No internet service;No internet service;No internet service;No internet service;One year;Yes;Mailed check;19.45;1195.95
3332;7593-XFKDI;Male;0;No;No;1;Yes;No;DSL;No;No;No;No;No;No;Month-to-month;No;Mailed check;46.3;46.3
3153;9099-FTUHS;Female;0;No;No;23;Yes;Yes;DSL;Yes;No;No;No;No;No;Month-to-month;No;Electronic check;54.4;1249.25
3389;9617-INGJY;Male;0;No;No;1;Yes;No;Fiber optic;No;No;No;No;No;No;Month-to-month;Yes;Mailed check;70.6;70.6
5116;4759-TRPLW;Male;0;No;No;1;Yes;No;Fiber optic;No;No;No;No;No;No;Month-to-month;No;Electronic check;70.4;70.4
5498;1976-CFOCS;Female;1;Yes;No;1;Yes;No;DSL;No;No;No;No;No;No;Month-to-month;No;Electronic check;46.0;46
5833;4976-LNFVV;Male;1;Yes;No;19;No;No phone service;DSL;No;Yes;Yes;No;No;No;Month-to-month;Yes;Credit card (automatic);34.3;577.15
3816;4304-XUMGI;Male;1;Yes;Yes;50;Yes;Yes;DSL;Yes;Yes;Yes;No;No;Yes;Two year;Yes;Bank transfer (automatic);75.15;3822.45
762;7379-POKDZ;Male;0;Yes;No;3;Yes;No;Fiber optic;No;No;No;No;No;No;Month-to-month;Yes;Electronic check;70.3;208.85
1621;6352-TWCAU;Female;0;No;No;35;Yes;Yes;Fiber optic;No;No;No;No;Yes;No;Month-to-month;Yes;Electronic check;86.45;3029.1
43;4671-VJLCL;Female;0;No;No;63;Yes;Yes;DSL;Yes;Yes;Yes;Yes;Yes;No;Two year;Yes;Credit card (automatic);79.85;4861.45
1646;2581-VKIRT;Female;0;Yes;Yes;59;Yes;Yes;DSL;Yes;Yes;No;Yes;No;No;One year;No;Mailed check;65.5;3801.3
2504;8433-WXGNA;Male;0;No;No;2;Yes;No;Fiber optic;Yes;No;No;No;No;No;Month-to-month;Yes;Electronic check;75.7;189.2
5219;3976-NLDEZ;Male;0;No;No;1;Yes;No;No;No internet service;No internet service;No internet service;No internet service;No internet service;No internet service;Month-to-month;No;Mailed check;20.6;20.6
4276;1226-UDFZR;Female;0;No;No;2;Yes;No;DSL;No;Yes;No;No;No;No;Month-to-month;Yes;Mailed check;49.6;114.7
582;2865-TCHJW;Female;1;No;No;4;Yes;Yes;Fiber optic;No;No;Yes;No;Yes;No;Month-to-month;Yes;Electronic check;89.2;346.2
1308;3372-KWFBM;Male;1;No;No;16;Yes;Yes;Fiber optic;No;No;No;No;Yes;No;Month-to-month;Yes;Electronic check;86.6;1281
2121;0673-IGUQO;Male;0;No;No;1;Yes;No;No;No internet service;No internet service;No internet service;No internet service;No internet service;No internet service;Month-to-month;No;Mailed check;20.45;20.45
2094;1057-FOGLZ;Female;0;No;No;18;Yes;No;No;No internet service;No internet service;No internet service;No internet service;No internet service;No internet service;Month-to-month;No;Mailed check;19.65;391.7
3118;2122-SZZZD;Male;0;No;No;44;Yes;No;No;No internet service;No internet service;No internet service;No internet service;No internet service;No internet service;One year;No;Credit card (automatic);19.5;835.5
1853;1612-EOHDH;Female;0;No;No;1;Yes;No;DSL;No;No;No;No;No;No;Month-to-month;No;Electronic check;45.15;45.15
6841;8217-QYOHV;Male;0;No;No;5;Yes;No;DSL;Yes;No;No;Yes;No;No;Month-to-month;Yes;Mailed check;55.75;266.95
5810;9102-IAYHT;Female;0;Yes;Yes;17;Yes;Yes;Fiber optic;No;No;No;No;No;Yes;Month-to-month;Yes;Electronic check;85.45;1451.6
2148;1345-GKDZZ;Male;0;No;Yes;6;Yes;No;No;No internet service;No internet service;No internet service;No internet service;No internet service;No internet service;Month-to-month;No;Mailed check;19.55;128.6
1342;2017-CCBLH;Female;0;No;No;8;Yes;No;No;No internet service;No internet service;No internet service;No internet service;No internet service;No internet service;Two year;No;Mailed check;20.0;141.6
576;5150-LJNSR;Male;0;Yes;Yes;31;Yes;Yes;Fiber optic;Yes;No;Yes;No;Yes;No;One year;No;Bank transfer (automatic);98.05;3082.1
2787;9838-BFCQT;Male;0;Yes;Yes;72;Yes;Yes;No;No internet service;No internet service;No internet service;No internet service;No internet service;No internet service;Two year;No;Mailed check;26.1;1851.45
4629;6112-KTHFQ;Female;0;No;No;13;Yes;No;No;No internet service;No internet service;No internet service;No internet service;No internet service;No internet service;Month-to-month;Yes;Mailed check;19.3;279.3
2715;0484-JPBRU;Male;0;No;No;41;Yes;Yes;No;No internet service;No internet service;No internet service;No internet service;No internet service;No internet service;Month-to-month;Yes;Bank transfer (automatic);25.25;996.45
2326;2266-SJNAT;Female;0;Yes;No;72;Yes;Yes;Fiber optic;No;Yes;Yes;Yes;Yes;Yes;One year;No;Credit card (automatic);109.15;7789.6
866;0979-MOZQI;Male;0;Yes;No;62;No;No phone service;DSL;No;No;No;Yes;Yes;No;Two year;Yes;Bank transfer (automatic);39.0;2337.45
1206;6077-BDPXA;Female;0;No;No;3;Yes;No;Fiber optic;No;No;No;No;No;No;Month-to-month;Yes;Electronic check;70.15;194.2
2893;7854-EDSSA;Male;0;No;No;22;Yes;Yes;DSL;Yes;Yes;No;No;No;No;Month-to-month;No;Electronic check;59.0;1254.7
3771;5960-WPXQM;Male;0;No;No;1;Yes;No;Fiber optic;No;No;No;No;Yes;No;Month-to-month;Yes;Electronic check;79.05;79.05
1972;7892-QVYKW;Female;0;Yes;Yes;23;Yes;Yes;Fiber optic;No;No;No;No;No;Yes;Month-to-month;No;Electronic check;85.6;1868.4
5052;3255-GRXMG;Male;0;No;Yes;18;Yes;No;DSL;No;No;No;No;No;No;Month-to-month;Yes;Credit card (automatic);45.65;747.2
994;7277-KAMWT;Male;0;No;No;13;Yes;No;No;No internet service;No internet service;No internet service;No internet service;No internet service;No internet service;Two year;No;Credit card (automatic);20.0;268.45
3995;0618-XWMSS;Male;0;No;Yes;28;Yes;No;Fiber optic;Yes;No;No;No;No;No;Month-to-month;Yes;Bank transfer (automatic);74.9;2068.55
5392;2162-FRZAA;Male;0;Yes;Yes;63;No;No phone service;DSL;No;Yes;Yes;Yes;No;No;Two year;No;Bank transfer (automatic);39.35;2395.05
764;7969-FFOWG;Male;0;Yes;Yes;65;Yes;No;No;No internet service;No internet service;No internet service;No internet service;No internet service;No internet service;Two year;No;Mailed check;19.9;1292.6
6711;3545-CNWRG;Female;0;Yes;Yes;49;Yes;Yes;Fiber optic;No;Yes;No;No;Yes;Yes;Month-to-month;Yes;Electronic check;98.35;4889.2
3893;5816-SCGFC;Female;1;No;No;7;Yes;No;DSL;No;Yes;No;No;No;No;Month-to-month;Yes;Mailed check;51.3;419.35
6879;0682-USIXD;Female;0;Yes;No;21;Yes;No;Fiber optic;No;No;No;Yes;Yes;No;Month-to-month;Yes;Electronic check;86.05;1818.9
4999;1699-TLDLZ;Female;0;Yes;Yes;16;Yes;No;No;No internet service;No internet service;No internet service;No internet service;No internet service;No internet service;Two year;No;Mailed check;19.7;301.55
1134;2208-NQBCT;Female;0;Yes;Yes;26;Yes;No;Fiber optic;Yes;Yes;No;No;No;No;Month-to-month;No;Electronic check;81.95;2070.05
6194;2868-LLSKM;Female;0;Yes;Yes;68;Yes;Yes;Fiber optic;No;Yes;No;Yes;No;No;One year;Yes;Bank transfer (automatic);83.65;5733.4
5003;1867-BDVFH;Male;0;Yes;Yes;11;Yes;Yes;Fiber optic;No;No;No;No;No;No;Month-to-month;Yes;Electronic check;74.35;834.2
4534;2607-FBDFF;Male;0;No;No;1;Yes;No;DSL;No;No;No;Yes;No;No;Month-to-month;No;Credit card (automatic);49.0;49
3956;4587-VVTOX;Female;0;Yes;No;6;Yes;Yes;Fiber optic;No;Yes;Yes;No;Yes;Yes;Month-to-month;Yes;Electronic check;105.3;545.2
3113;0396-YCHWO;Male;0;Yes;No;36;Yes;Yes;Fiber optic;No;No;No;No;Yes;Yes;Month-to-month;Yes;Electronic check;95.4;3474.2
858;3224-DFQNQ;Female;0;Yes;No;66;Yes;Yes;Fiber optic;Yes;Yes;No;Yes;No;No;One year;No;Electronic check;89.0;5898.6
1451;6890-PFRQX;Male;0;No;No;18;Yes;Yes;DSL;Yes;No;Yes;No;Yes;No;Month-to-month;No;Mailed check;69.5;1199.4
3794;4280-DLSHD;Male;0;Yes;No;8;Yes;No;DSL;No;Yes;Yes;No;No;No;Month-to-month;Yes;Mailed check;54.75;445.85
2950;3345-JHUEO;Male;0;No;No;4;Yes;No;No;No internet service;No internet service;No internet service;No internet service;No internet service;No internet service;Month-to-month;Yes;Electronic check;20.2;55.7
3504;3678-MNGZX;Male;0;Yes;Yes;68;Yes;No;No;No internet service;No internet service;No internet service;No internet service;No internet service;No internet service;Two year;No;Bank transfer (automatic);19.95;1377.7
5449;5696-CEIQJ;Male;0;Yes;Yes;67;Yes;No;Fiber optic;No;Yes;Yes;Yes;Yes;Yes;Two year;No;Bank transfer (automatic);103.15;6895.5
6463;0872-CASZJ;Male;0;Yes;No;59;Yes;Yes;DSL;Yes;No;No;Yes;No;Yes;One year;Yes;Mailed check;69.1;4096.9
311;7277-OZCGZ;Female;0;No;No;22;Yes;No;Fiber optic;Yes;No;No;Yes;No;Yes;Month-to-month;Yes;Electronic check;89.05;1886.25
5844;2905-KFQUV;Female;0;Yes;No;2;Yes;No;Fiber optic;No;No;No;No;No;No;Month-to-month;Yes;Credit card (automatic);70.4;154.8
2873;0148-DCDOS;Male;0;No;No;25;Yes;Yes;Fiber optic;No;No;No;No;Yes;Yes;Month-to-month;Yes;Bank transfer (automatic);94.7;2362.1
1254;9220-ZNKJI;Female;1;Yes;No;55;Yes;No;Fiber optic;No;No;Yes;Yes;Yes;No;Two year;No;Credit card (automatic);88.8;4805.3
1580;7108-DGVUU;Female;1;Yes;No;21;Yes;Yes;DSL;No;Yes;Yes;No;No;Yes;One year;No;Bank transfer (automatic);71.7;1497.05
1825;5423-BHIXO;Female;0;No;No;32;Yes;Yes;DSL;No;Yes;No;No;No;No;Month-to-month;Yes;Electronic check;54.2;1739.6
3809;9602-WCXPI;Male;0;No;No;50;Yes;No;No;No internet service;No internet service;No internet service;No internet service;No internet service;No internet service;One year;No;Credit card (automatic);20.15;989.05
3078;5277-ZLOOR;Female;1;No;No;2;Yes;Yes;Fiber optic;No;No;No;No;Yes;No;Month-to-month;Yes;Electronic check;85.55;187.45
3569;9847-HNVGP;Male;0;No;No;17;Yes;No;No;No internet service;No internet service;No internet service;No internet service;No internet service;No internet service;One year;No;Mailed check;19.95;310.6
92;7233-PAHHL;Male;0;Yes;Yes;66;Yes;Yes;DSL;Yes;No;Yes;Yes;Yes;Yes;Two year;Yes;Mailed check;84.0;5714.25
6968;8685-WHQPW;Female;1;No;No;22;Yes;Yes;Fiber optic;No;No;No;No;No;No;Month-to-month;Yes;Bank transfer (automatic);74.4;1692.6
4633;1820-DJFPH;Female;0;Yes;Yes;72;Yes;Yes;No;No internet service;No internet service;No internet service;No internet service;No internet service;No internet service;Two year;Yes;Bank transfer (automatic);24.05;1709.15
317;2321-OMBXY;Female;0;Yes;Yes;38;Yes;No;DSL;Yes;Yes;No;Yes;Yes;Yes;One year;No;Credit card (automatic);80.3;3058.65
142;1095-WGNGG;Female;0;Yes;No;61;Yes;Yes;Fiber optic;No;Yes;No;No;Yes;Yes;Two year;Yes;Bank transfer (automatic);101.05;5971.25
5435;7432-FFVAR;Female;0;Yes;Yes;46;Yes;No;Fiber optic;No;No;Yes;Yes;No;Yes;One year;No;Bank transfer (automatic);90.95;4236.6
5372;2786-GCDPI;Female;1;No;No;50;Yes;Yes;Fiber optic;No;No;Yes;Yes;Yes;Yes;Month-to-month;Yes;Electronic check;104.95;5222.35
480;0486-LGCCH;Male;0;Yes;Yes;11;Yes;No;No;No internet service;No internet service;No internet service;No internet service;No internet service;No internet service;Two year;No;Mailed check;19.65;225.75
4486;7251-XFOIL;Female;0;No;No;61;Yes;Yes;Fiber optic;No;No;Yes;No;No;Yes;Month-to-month;No;Mailed check;89.2;5500.6
2369;9570-KYEUA;Male;0;No;No;64;Yes;Yes;Fiber optic;Yes;No;Yes;Yes;No;Yes;Two year;No;Credit card (automatic);99.25;6549.45
3497;9799-CAYJJ;Female;1;Yes;No;2;Yes;No;Fiber optic;No;No;No;No;No;No;Month-to-month;Yes;Electronic check;69.3;153.8
915;6513-EECDB;Male;1;Yes;No;1;Yes;Yes;Fiber optic;No;No;No;No;No;No;Month-to-month;Yes;Electronic check;73.55;73.55
5027;3247-ZVOUO;Male;1;Yes;No;10;Yes;Yes;Fiber optic;No;No;No;No;No;Yes;Month-to-month;No;Electronic check;85.55;851.75
2342;1552-AAGRX;Female;0;No;No;30;Yes;Yes;Fiber optic;Yes;No;No;Yes;Yes;Yes;Month-to-month;No;Bank transfer (automatic);106.4;3211.9
2677;2608-BHKFN;Female;0;No;No;4;Yes;No;Fiber optic;No;No;No;No;No;No;Month-to-month;Yes;Credit card (automatic);70.05;266.9
2772;3470-OBUET;Female;0;Yes;Yes;67;Yes;Yes;DSL;Yes;Yes;No;Yes;Yes;No;Two year;No;Credit card (automatic);74.0;4868.4
6604;7729-JTEEC;Male;0;Yes;Yes;2;Yes;No;DSL;No;No;No;No;No;No;Month-to-month;Yes;Electronic check;44.5;90.05
4350;1518-OMDIK;Male;0;Yes;No;33;Yes;No;DSL;No;No;No;No;No;No;Month-to-month;Yes;Credit card (automatic);44.55;1462.6
2888;7409-KIUTL;Female;1;No;Yes;1;Yes;No;Fiber optic;No;No;No;No;No;No;Month-to-month;Yes;Electronic check;71.0;71
3900;8008-OTEZX;Female;0;Yes;Yes;35;Yes;No;No;No internet service;No internet service;No internet service;No internet service;No internet service;No internet service;One year;No;Mailed check;19.65;708.8
3080;1777-JYQPJ;Male;0;No;No;2;No;No phone service;DSL;No;No;No;No;No;No;Month-to-month;No;Mailed check;24.3;38.45
3070;7351-MHQVU;Female;0;No;No;6;No;No phone service;DSL;Yes;Yes;No;Yes;No;Yes;Month-to-month;No;Credit card (automatic);50.95;307.6
1209;8268-YDIXR;Male;0;Yes;No;56;Yes;Yes;Fiber optic;Yes;Yes;Yes;No;No;No;One year;Yes;Electronic check;93.15;5253.95
4106;9189-JWSHV;Female;1;Yes;No;24;Yes;Yes;Fiber optic;No;No;No;No;Yes;Yes;Month-to-month;Yes;Electronic check;93.55;2264.05
6980;0786-VSSUD;Male;1;No;No;16;No;No phone service;DSL;No;Yes;No;No;Yes;No;Month-to-month;Yes;Mailed check;39.0;679.85
1421;5357-TZHPP;Male;1;No;No;9;Yes;Yes;Fiber optic;No;No;No;No;No;Yes;Month-to-month;Yes;Credit card (automatic);84.4;732.5
3801;5914-DVBWJ;Female;1;No;No;18;Yes;Yes;Fiber optic;No;Yes;No;Yes;No;No;Month-to-month;Yes;Electronic check;85.45;1505.85
265;0123-CRBRT;Female;0;Yes;Yes;61;Yes;Yes;DSL;Yes;Yes;Yes;Yes;Yes;Yes;Two year;No;Mailed check;88.1;5526.75
6324;5022-JNQEQ;Female;0;Yes;Yes;9;Yes;No;Fiber optic;No;No;No;Yes;No;No;Month-to-month;Yes;Electronic check;75.85;647.5
4138;5597-GLBUC;Female;0;No;No;1;Yes;No;Fiber optic;No;No;Yes;No;Yes;No;Month-to-month;Yes;Electronic check;85.45;85.45
1315;5158-RIVOP;Female;0;Yes;Yes;11;Yes;No;No;No internet service;No internet service;No internet service;No internet service;No internet service;No internet service;Two year;No;Credit card (automatic);20.9;202.3
3022;1796-JANOW;Female;0;No;No;2;Yes;No;No;No internet service;No internet service;No internet service;No internet service;No internet service;No internet service;Month-to-month;No;Mailed check;19.95;38.15
3944;4537-CIBHB;Female;0;Yes;Yes;9;Yes;No;No;No internet service;No internet service;No internet service;No internet service;No internet service;No internet service;One year;No;Mailed check;20.25;172.35
5798;4548-SDBKE;Female;0;No;No;5;Yes;Yes;Fiber optic;No;No;No;No;Yes;No;Month-to-month;Yes;Electronic check;85.2;474.8
1654;2967-MXRAV;Male;0;Yes;Yes;1;Yes;No;No;No internet service;No internet service;No internet service;No internet service;No internet service;No internet service;One year;No;Mailed check;18.8;18.8
4865;1355-KUSBG;Female;0;Yes;Yes;7;Yes;Yes;DSL;No;No;No;No;No;No;Month-to-month;No;Electronic check;48.8;349.8
1061;4829-ZLJTK;Female;1;Yes;No;72;Yes;Yes;Fiber optic;Yes;Yes;Yes;No;Yes;Yes;Two year;Yes;Electronic check;112.4;8046.85
461;6614-VBEGU;Female;0;Yes;No;24;Yes;No;DSL;No;Yes;No;No;Yes;Yes;Month-to-month;Yes;Bank transfer (automatic);69.45;1614.05
4280;9135-HSWOC;Male;0;Yes;Yes;64;Yes;No;No;No internet service;No internet service;No internet service;No internet service;No internet service;No internet service;Two year;Yes;Bank transfer (automatic);19.7;1274.05
6312;7055-VKGDA;Male;0;No;No;54;Yes;No;Fiber optic;Yes;Yes;No;Yes;Yes;Yes;One year;Yes;Credit card (automatic);105.4;5643.4
3407;1167-OYZJF;Female;1;Yes;No;67;Yes;No;No;No internet service;No internet service;No internet service;No internet service;No internet service;No internet service;Two year;Yes;Bank transfer (automatic);20.05;1263.05
168;3445-HXXGF;Male;1;Yes;No;58;No;No phone service;DSL;No;Yes;Yes;No;No;Yes;Month-to-month;Yes;Electronic check;45.3;2651.2
6778;5893-KCLGT;Female;0;No;Yes;72;Yes;No;No;No internet service;No internet service;No internet service;No internet service;No internet service;No internet service;Two year;Yes;Mailed check;19.75;1567
3123;6692-YQHXC;Male;0;No;No;16;Yes;No;Fiber optic;No;No;No;No;No;No;Month-to-month;Yes;Credit card (automatic);69.95;1205.5
3387;3530-CRZSB;Female;0;No;No;7;Yes;No;No;No internet service;No internet service;No internet service;No internet service;No internet service;No internet service;Month-to-month;No;Mailed check;20.65;155.9
4899;1565-RHDJD;Female;0;No;Yes;4;Yes;Yes;Fiber optic;No;Yes;Yes;No;No;No;Month-to-month;No;Bank transfer (automatic);84.05;333.55
2574;3269-ATYWD;Male;1;No;No;39;Yes;Yes;Fiber optic;No;No;No;No;Yes;Yes;Month-to-month;Yes;Bank transfer (automatic);95.65;3759.05
5173;2480-SQIOB;Male;0;Yes;Yes;4;Yes;No;DSL;No;No;No;No;No;No;Month-to-month;No;Electronic check;44.8;169.65
3609;4488-KQFDT;Female;0;No;No;61;Yes;Yes;Fiber optic;No;Yes;Yes;No;Yes;Yes;One year;Yes;Electronic check;103.95;6423
1172;1641-RQDAY;Female;1;Yes;Yes;32;Yes;Yes;Fiber optic;No;Yes;No;No;Yes;Yes;Month-to-month;Yes;Electronic check;100.4;3217.65
4008;0743-HRVFF;Female;0;Yes;Yes;51;No;No phone service;DSL;No;No;Yes;Yes;Yes;Yes;One year;Yes;Electronic check;56.15;2898.95
2138;6288-CHQJB;Female;0;Yes;Yes;54;Yes;No;DSL;Yes;No;Yes;Yes;No;Yes;Two year;No;Bank transfer (automatic);69.95;3871.85
4991;1502-XFCVR;Female;0;No;No;58;Yes;No;Fiber optic;Yes;Yes;Yes;No;Yes;Yes;One year;Yes;Electronic check;106.45;6145.85
2035;8100-HZZLJ;Female;0;No;Yes;43;Yes;No;DSL;Yes;Yes;No;No;No;Yes;Month-to-month;Yes;Electronic check;63.95;2737.05
4406;3714-XPXBW;Female;0;No;No;37;Yes;Yes;DSL;Yes;Yes;Yes;Yes;Yes;No;Month-to-month;Yes;Credit card (automatic);78.9;2976.95
5601;2877-VDUER;Female;0;Yes;Yes;35;No;No phone service;DSL;No;No;No;Yes;Yes;No;One year;No;Mailed check;40.9;1383.6
2580;7748-UMTRK;Female;1;No;Yes;30;Yes;Yes;Fiber optic;No;No;No;Yes;Yes;Yes;Month-to-month;Yes;Electronic check;101.3;2974.5
6314;8873-GLDMH;Female;0;No;No;6;Yes;Yes;Fiber optic;No;No;No;No;No;No;Month-to-month;Yes;Mailed check;73.85;401.3
5149;3970-XGJDU;Female;0;No;No;62;Yes;No;No;No internet service;No internet service;No internet service;No internet service;No internet service;No internet service;Two year;Yes;Credit card (automatic);19.2;1123.65
5794;1162-ECVII;Male;1;Yes;No;72;Yes;Yes;Fiber optic;No;Yes;Yes;Yes;Yes;Yes;Two year;Yes;Bank transfer (automatic);109.75;7932.5
5901;6172-FECYY;Male;0;Yes;Yes;49;Yes;Yes;Fiber optic;No;No;No;No;Yes;No;Month-to-month;No;Electronic check;84.5;4254.85
1070;6166-ILMNY;Female;0;No;No;2;Yes;No;Fiber optic;No;No;No;No;No;No;Month-to-month;No;Bank transfer (automatic);69.75;144.55
6642;4747-LCAQL;Male;0;No;No;25;Yes;No;DSL;Yes;Yes;No;Yes;Yes;Yes;Month-to-month;Yes;Mailed check;79.0;1902
4482;6711-FLDFB;Female;0;No;No;7;Yes;Yes;Fiber optic;No;No;No;No;No;No;Month-to-month;Yes;Electronic check;74.9;541.15
4609;2519-TWKFS;Male;0;Yes;Yes;25;Yes;Yes;DSL;No;No;No;Yes;No;No;One year;Yes;Mailed check;55.1;1466.1
5918;8514-VZHEB;Male;0;Yes;Yes;59;Yes;No;No;No internet service;No internet service;No internet service;No internet service;No internet service;No internet service;Two year;No;Mailed check;19.5;1147.85
1182;3164-YAXFY;Male;0;No;No;57;No;No phone service;DSL;Yes;No;Yes;No;Yes;Yes;Month-to-month;Yes;Electronic check;53.75;3196
5937;5383-MMTWC;Female;1;Yes;No;8;Yes;Yes;Fiber optic;No;No;No;No;No;Yes;Month-to-month;Yes;Electronic check;84.0;613.4
198;7255-SSFBC;Male;0;Yes;Yes;72;Yes;Yes;Fiber optic;No;Yes;Yes;Yes;Yes;Yes;Two year;Yes;Bank transfer (automatic);112.25;8041.65
61;1215-FIGMP;Male;0;No;No;60;Yes;Yes;Fiber optic;No;Yes;No;No;Yes;No;Month-to-month;Yes;Bank transfer (automatic);89.9;5450.7
6357;8079-XRJRS;Male;0;Yes;No;65;Yes;Yes;Fiber optic;Yes;Yes;Yes;No;No;No;One year;No;Electronic check;89.75;5769.6
6628;9979-RGMZT;Female;0;No;No;7;Yes;No;Fiber optic;No;Yes;No;No;Yes;Yes;One year;Yes;Mailed check;94.05;633.45
